OPPORTUNITY_OPEN_CLOSED_INDICATOR,PHASE_NAME,PURSUIT_START_DATE,PROJECT_START_DATE,PROJECT_END_DATE,PERIOD_WON_LOSS_ABANDONED,DATE_WON_LOSS_ABANDONED,PRIORITY,customer,Product_Category4_id,Product_Category2_text,Product_Category3_text,PURSUIT_LEADER,BUYER_ROLE_DESC,CURRENCY,PROBABILITY_PRC,WEIGHTED_Sales,Total_Sales,STRATEGIC_OPPORTUNITY,SNAPSHOT_FY,SNAPSHOT_FP,SNAPSHOT_FISCAL_YEAR_PERIOD,OPPORTUNITY_ID
CLOSED,Won,9/20/2017,10/5/2019,9/11/2020,Period 05 2020,10/4/2019,High,24028941.0,2001.0,category51,sub category152,14322.0,Director/Manager â€“ Other,USD,100,0.0,1211194,POSITIONING WITH A KEY CLIENT,2020,5,2020005,MO-2343587
CLOSED,Won,9/20/2017,10/5/2019,9/11/2020,Period 05 2020,10/4/2019,High,24028941.0,1779.0,category8,sub category157,14322.0,Director/Manager â€“ Other,USD,100,0.0,6242307,POSITIONING WITH A KEY CLIENT,2020,5,2020005,MO-2343587
CLOSED,Abandoned,3/15/2018,10/28/2019,12/31/2021,Period 11 2019,3/20/2019,High,24002226.0,3480.0,category53,sub category94,14159.0,Unknown/Other,USD,0,0.0,243750,VENTURES: Future of Cyber -Digital Identity,2019,11,2019011,MO-29377
CLOSED,Abandoned,5/18/2018,11/19/2018,4/29/2022,Period 07 2019,11/28/2018,High,24023499.0,3480.0,category53,sub category94,9770.0,Unknown/Other,USD,0,0.0,666667,VENTURES: Future of Cyber -Digital Identity,2019,7,2019007,MO-2479487
CLOSED,Won,8/15/2018,4/16/2019,2/7/2020,Period 12 2019,4/13/2019,High,24011613.0,1791.0,category8,sub category157,10346.0,Director/Manager â€“ Other,USD,100,0.0,1130000,CRITICAL QUAL,2019,12,2019012,MO-2625337
CLOSED,Won,10/16/2017,3/25/2019,6/14/2019,Period 11 2019,3/18/2019,High,24038781.0,1665.0,category18,sub category35,22201.0,Director/Manager â€“ Other,USD,100,0.0,636957,POSITIONING WITH A KEY CLIENT,2019,11,2019011,MO-2347359
CLOSED,Won,1/7/2019,9/3/2019,11/15/2019,Period 03 2020,8/14/2019,High,24004209.0,1791.0,category8,sub category157,10346.0,Operations Director/Manager,USD,100,0.0,498000,POSITIONING WITHIN A SECTOR,2020,3,2020003,MO-2801161
CLOSED,Won,9/5/2019,12/3/2019,3/31/2020,Period 07 2020,12/2/2019,High,24012609.0,606.0,category14,sub category41,12577.0,Director/Manager â€“ Other,USD,100,0.0,1873000,CRITICAL QUAL,2020,7,2020007,MO-2937209
CLOSED,Abandoned,3/2/2018,4/29/2019,11/29/2019,Period 12 2019,5/1/2019,Medium,24028743.0,1836.0,category8,sub category118,7320.0,CFO/VP of Finance,USD,0,0.0,90000,POSITIONING WITH A KEY CLIENT,2019,12,2019012,MO-273247
CLOSED,Won,3/24/2019,4/1/2019,4/5/2019,Period 11 2019,4/1/2019,High,24000516.0,1776.0,category8,sub category79,11437.0,Accounting Director/Manager,USD,100,0.0,7600,CRITICAL QUAL,2019,11,2019011,MO-2838101
CLOSED,Won,3/24/2019,4/1/2019,4/5/2019,Period 11 2019,4/1/2019,High,24000516.0,3117.0,category14,sub category2,11437.0,Accounting Director/Manager,USD,100,0.0,1900,CRITICAL QUAL,2019,11,2019011,MO-2838101
CLOSED,Won,9/27/2019,11/14/2019,2/29/2020,Period 06 2020,10/23/2019,High,24001206.0,1791.0,category8,sub category157,23387.0,COO/Chief Admin,USD,100,0.0,140000,POSITIONING WITH A KEY CLIENT,2020,6,2020006,MO-2958069
CLOSED,Won,10/1/2019,10/9/2019,10/11/2019,Period 05 2020,10/7/2019,Medium,24001443.0,15258.0,category57,sub category84,5854.0,Finance Director/Mgr,USD,100,0.0,41000,POSITIONING WITH A KEY CLIENT,2020,5,2020005,MO-2960597
CLOSED,Won,11/3/2017,4/8/2019,8/30/2019,Period 11 2019,4/4/2019,High,24038781.0,2481.0,category8,sub category118,11088.0,Controller,USD,100,0.0,5000000,POSITIONING WITH A KEY CLIENT,2019,11,2019011,MO-223935
CLOSED,Lost,10/25/2018,1/18/2019,2/28/2019,Period 09 2019,1/17/2019,Medium,24005871.0,3783.0,category56,sub category148,5050.0,Chief Risk/Compliance Officer,USD,0,0.0,75000,POSITIONING WITH A KEY CLIENT,2019,9,2019009,MO-2719423
CLOSED,Won,8/15/2017,7/1/2019,6/30/2020,Period 01 2020,6/27/2019,High,24025281.0,1656.0,category18,sub category22,14368.0,CEO,USD,100,0.0,8400000,CRITICAL QUAL,2020,1,2020001,MO-2280147
CLOSED,Lost,7/10/2018,1/5/2019,12/31/2019,Period 07 2019,11/28/2018,Medium,24069657.0,2010.0,category51,sub category8,13897.0,Director/Manager â€“ Other,USD,0,0.0,250000,CRITICAL QUAL,2019,7,2019007,MO-2592233
CLOSED,Lost,7/10/2018,1/5/2019,12/31/2019,Period 07 2019,11/28/2018,Medium,24069657.0,1797.0,category8,sub category157,13897.0,Director/Manager â€“ Other,USD,0,0.0,100000,CRITICAL QUAL,2019,7,2019007,MO-2592233
CLOSED,Abandoned,10/3/2018,5/6/2019,7/31/2019,Period 13 2019,5/17/2019,High,24003249.0,2010.0,category51,sub category8,9274.0,Technology Director/Manager,USD,0,0.0,332976,MANAGED SERVICES,2019,13,2019013,MO-2699121
CLOSED,Won,1/16/2019,1/30/2019,2/8/2019,Period 09 2019,1/29/2019,High,24000516.0,3117.0,category14,sub category2,11437.0,CAO/Director of Accounting,USD,100,0.0,8210,POSITIONING WITH A KEY CLIENT,2019,9,2019009,MO-2808027
CLOSED,Won,1/16/2019,1/30/2019,2/8/2019,Period 09 2019,1/29/2019,High,24000516.0,1776.0,category8,sub category79,11437.0,CAO/Director of Accounting,USD,100,0.0,32840,POSITIONING WITH A KEY CLIENT,2019,9,2019009,MO-2808027
CLOSED,Abandoned,3/28/2018,1/1/2019,2/28/2019,Period 08 2019,1/7/2019,High,24007407.0,1656.0,category18,sub category22,13190.0,COO/Chief Admin,USD,0,0.0,250000,CRITICAL QUAL,2019,8,2019008,MO-32327
CLOSED,Won,7/1/2016,7/5/2019,2/28/2020,Period 01 2020,6/27/2019,Medium,24002967.0,1818.0,category8,sub category135,15656.0,CIO/VP MIS,USD,100,0.0,2763088,POSITIONING WITH A KEY CLIENT,2020,1,2020001,MO-2288067
CLOSED,Won,1/31/2018,12/22/2018,12/31/2018,Period 08 2019,12/28/2018,High,24000654.0,1998.0,category51,sub category152,5177.0,Unknown/Other,USD,100,0.0,900000,POSITIONING WITH A KEY CLIENT,2019,8,2019008,MO-379719
CLOSED,Won,1/31/2018,12/22/2018,12/31/2018,Period 08 2019,12/28/2018,High,24000654.0,1908.0,category68,sub category120,5177.0,Unknown/Other,USD,100,0.0,1200000,POSITIONING WITH A KEY CLIENT,2019,8,2019008,MO-379719
CLOSED,Won,1/31/2018,12/22/2018,12/31/2018,Period 08 2019,12/28/2018,High,24000654.0,1995.0,category51,sub category152,5177.0,Unknown/Other,USD,100,0.0,900000,POSITIONING WITH A KEY CLIENT,2019,8,2019008,MO-379719
CLOSED,Abandoned,6/11/2018,2/20/2019,7/31/2019,Period 09 2019,1/24/2019,High,24011982.0,3681.0,category53,sub category146,6021.0,Chf. Security Officer/CSO/CISO,USD,0,0.0,1250000,VENTURES: Future of Cyber -Cyber IoT,2019,9,2019009,MO-2500021
CLOSED,Abandoned,7/28/2017,7/1/2020,1/1/2024,Period 07 2019,11/21/2018,Medium,24034749.0,2070.0,category21,sub category88,14709.0,Technology Director/Manager,USD,0,0.0,30000000,POSITIONING WITHIN A SECTOR,2019,7,2019007,MO-277655
CLOSED,Won,3/5/2018,10/13/2018,1/3/2019,Period 09 2019,1/17/2019,Medium,24048879.0,1629.0,category18,sub category116,14324.0,Unknown/Other,USD,100,0.0,8841,POSITIONING WITH A KEY CLIENT,2019,9,2019009,MO-34303
CLOSED,Abandoned,4/15/2019,1/6/2020,3/31/2020,Period 07 2020,12/12/2019,Medium,24011967.0,1776.0,category8,sub category79,11437.0,Unknown/Other,USD,0,0.0,300000,POSITIONING WITH A KEY CLIENT,2020,7,2020007,MO-2848463
CLOSED,Lost,11/8/2017,2/21/2019,6/2/2025,Period 10 2019,2/18/2019,Medium,24025281.0,1659.0,category18,sub category22,20974.0,CIO/VP MIS,USD,0,0.0,11020000,MANAGED SERVICES,2019,10,2019010,MO-2265729
CLOSED,Lost,11/8/2017,2/21/2019,6/2/2025,Period 10 2019,2/18/2019,Medium,24025281.0,1653.0,category18,sub category22,20974.0,CIO/VP MIS,USD,0,0.0,7980000,MANAGED SERVICES,2019,10,2019010,MO-2265729
CLOSED,Won,10/11/2019,11/1/2019,1/31/2020,Period 06 2020,10/23/2019,Medium,24034407.0,1077.0,category66,sub category4,5577.0,Tax Director/Manager,USD,100,0.0,240000,POSITIONING WITH A KEY CLIENT,2020,6,2020006,MO-2969921
CLOSED,Abandoned,5/2/2018,10/1/2020,9/30/2025,Period 06 2020,11/4/2019,Medium,24028941.0,1776.0,category8,sub category79,15229.0,Director/Manager â€“ Other,USD,0,0.0,1500000,VENTURES: Federal Expansion -San Antonio + Austin,2020,6,2020006,MO-2467207
CLOSED,Won,3/15/2019,6/17/2019,6/16/2020,Period 01 2020,6/28/2019,High,24013977.0,1836.0,category8,sub category118,14325.0,Finance Director/Mgr,USD,100,0.0,1310058,MANAGED SERVICES,2020,1,2020001,MO-328025
CLOSED,Won,6/15/2019,9/23/2019,12/31/2019,Period 04 2020,9/18/2019,High,24022137.0,2214.0,category18,sub category22,6682.0,CEO,USD,100,0.0,582680,CRITICAL QUAL,2020,4,2020004,MO-384147
CLOSED,Won,8/17/2018,3/18/2019,7/24/2020,Period 11 2019,3/11/2019,High,24011613.0,1791.0,category8,sub category157,10346.0,Director/Manager â€“ Other,USD,100,0.0,1500000,CRITICAL QUAL,2019,11,2019011,MO-2466577
CLOSED,Won,5/15/2019,8/19/2019,9/27/2019,Period 03 2020,8/19/2019,Medium,24016809.0,1776.0,category8,sub category79,11437.0,Unknown/Other,USD,100,0.0,245000,POSITIONING WITH A KEY CLIENT,2020,3,2020003,MO-2856465
CLOSED,Abandoned,12/8/2017,8/29/2018,10/19/2018,Period 08 2019,12/18/2018,High,24000882.0,1851.0,category8,sub category118,5427.0,CIO/VP MIS,USD,0,0.0,5600000,POSITIONING WITH A KEY CLIENT,2019,8,2019008,MO-224125
CLOSED,Lost,11/6/2017,4/12/2019,5/31/2020,Period 12 2019,4/8/2019,High,24007668.0,1767.0,category8,sub category79,21045.0,Unknown/Other,USD,0,0.0,6000000,CRITICAL QUAL,2019,12,2019012,MO-2265159
CLOSED,Lost,11/6/2017,4/12/2019,5/31/2020,Period 12 2019,4/8/2019,High,24007668.0,660.0,category53,sub category11,21045.0,Unknown/Other,USD,0,0.0,200000,CRITICAL QUAL,2019,12,2019012,MO-2265159
CLOSED,Lost,11/6/2017,4/12/2019,5/31/2020,Period 12 2019,4/8/2019,High,24007668.0,1890.0,category68,sub category91,21045.0,Unknown/Other,USD,0,0.0,7900000,CRITICAL QUAL,2019,12,2019012,MO-2265159
CLOSED,Lost,11/6/2017,4/12/2019,5/31/2020,Period 12 2019,4/8/2019,High,24007668.0,1860.0,category8,sub category64,21045.0,Unknown/Other,USD,0,0.0,12000001,CRITICAL QUAL,2019,12,2019012,MO-2265159
CLOSED,Won,2/27/2019,3/4/2019,3/8/2019,Period 10 2019,2/27/2019,High,24003483.0,2007.0,category51,sub category8,15744.0,CIO/VP MIS,USD,100,0.0,50000,POSITIONING WITHIN A SECTOR,2019,10,2019010,MO-2826163
CLOSED,Won,5/21/2018,4/22/2019,12/27/2019,Period 11 2019,4/5/2019,High,24007812.0,1683.0,category18,sub category35,11166.0,COO/Chief Admin,USD,100,0.0,3500000,MANAGED SERVICES,2019,11,2019011,MO-2476655
CLOSED,Won,5/21/2018,4/22/2019,12/27/2019,Period 11 2019,4/5/2019,High,24007812.0,2001.0,category51,sub category152,11166.0,COO/Chief Admin,USD,100,0.0,1000000,MANAGED SERVICES,2019,11,2019011,MO-2476655
CLOSED,Won,5/13/2019,7/8/2019,12/20/2019,Period 02 2020,7/4/2019,High,24489447.0,1722.0,category21,sub category6,13121.0,COO/Chief Admin,USD,100,0.0,138375,MANAGED SERVICES,2020,2,2020002,MO-2876223
CLOSED,Lost,12/4/2017,5/31/2019,4/30/2024,Period 11 2019,3/20/2019,Low,24048879.0,1644.0,category18,sub category159,14324.0,Unknown/Other,USD,0,0.0,1200000,POSITIONING WITH A KEY CLIENT,2019,11,2019011,MO-222881
CLOSED,Abandoned,10/5/2018,2/18/2019,5/31/2019,Period 10 2019,3/7/2019,Medium,24034035.0,1692.0,category21,sub category48,11495.0,Unknown/Other,USD,0,0.0,200000,POSITIONING WITH A KEY CLIENT,2019,10,2019010,MO-2703205
CLOSED,Abandoned,4/3/2017,9/2/2019,11/15/2019,Period 04 2020,9/3/2019,High,24009591.0,1725.0,category21,sub category6,6589.0,Director/Manager â€“ Other,USD,0,0.0,300000,MANAGED SERVICES,2020,4,2020004,MO-2449259
CLOSED,Won,1/10/2019,5/27/2019,8/2/2019,Period 13 2019,5/24/2019,Medium,24012879.0,1791.0,category8,sub category157,5454.0,Operations Director/Manager,USD,100,0.0,220000,POSITIONING WITH A KEY CLIENT,2019,13,2019013,MO-2803115
CLOSED,Abandoned,5/18/2018,4/1/2019,5/31/2019,Period 10 2019,2/26/2019,High,24001728.0,1998.0,category51,sub category152,19420.0,Unknown/Other,USD,0,0.0,750000,CRITICAL QUAL,2019,10,2019010,MO-2475933
CLOSED,Won,11/19/2018,3/18/2019,3/7/2020,Period 11 2019,3/19/2019,High,24014964.0,2004.0,category51,sub category8,16790.0,Unknown/Other,USD,100,0.0,1250000,CRITICAL QUAL,2019,11,2019011,MO-2738567
CLOSED,Won,11/19/2018,3/18/2019,3/7/2020,Period 11 2019,3/19/2019,High,24014964.0,1752.0,category8,sub category79,16790.0,Unknown/Other,USD,100,0.0,1250000,CRITICAL QUAL,2019,11,2019011,MO-2738567
CLOSED,Won,11/19/2018,3/18/2019,3/7/2020,Period 11 2019,3/19/2019,High,24014964.0,1917.0,category68,sub category120,16790.0,Unknown/Other,USD,100,0.0,2500000,CRITICAL QUAL,2019,11,2019011,MO-2738567
CLOSED,Abandoned,11/26/2018,1/31/2019,9/29/2023,Period 10 2019,3/5/2019,Medium,24017412.0,1125.0,category14,sub category2,6917.0,CFO/VP of Finance,USD,0,0.0,750000,POSITIONING WITH A KEY CLIENT,2019,10,2019010,MO-2745163
CLOSED,Won,4/29/2019,5/6/2019,3/20/2020,Period 13 2019,5/10/2019,High,24000654.0,2895.0,category14,sub category2,5323.0,CAO/Director of Accounting,USD,100,0.0,1250000,POSITIONING WITH A KEY CLIENT,2019,13,2019013,MO-2850913
CLOSED,Abandoned,6/3/2019,7/22/2019,5/15/2020,Period 02 2020,7/2/2019,Medium,24023859.0,1842.0,category8,sub category118,6540.0,CIO/VP MIS,USD,0,0.0,3000000,CRITICAL QUAL,2020,2,2020002,MO-2867311
CLOSED,Lost,10/23/2017,1/14/2019,3/27/2020,Period 08 2019,1/7/2019,High,24020136.0,1911.0,category68,sub category120,5693.0,CIO/VP MIS,USD,0,0.0,2000000,POSITIONING WITH A KEY CLIENT,2019,8,2019008,MO-2281765
CLOSED,Lost,10/23/2017,1/14/2019,3/27/2020,Period 08 2019,1/7/2019,High,24020136.0,660.0,category53,sub category11,5693.0,CIO/VP MIS,USD,0,0.0,1650000,POSITIONING WITH A KEY CLIENT,2019,8,2019008,MO-2281765
CLOSED,Lost,10/23/2017,1/14/2019,3/27/2020,Period 08 2019,1/7/2019,High,24020136.0,1818.0,category8,sub category135,5693.0,CIO/VP MIS,USD,0,0.0,15365220,POSITIONING WITH A KEY CLIENT,2019,8,2019008,MO-2281765
CLOSED,Lost,10/23/2017,1/14/2019,3/27/2020,Period 08 2019,1/7/2019,High,24020136.0,3762.0,category56,sub category117,5693.0,CIO/VP MIS,USD,0,0.0,800000,POSITIONING WITH A KEY CLIENT,2019,8,2019008,MO-2281765
CLOSED,Abandoned,3/1/2019,4/1/2019,1/31/2020,Period 10 2019,2/26/2019,High,24011340.0,1683.0,category18,sub category35,25538.0,Unknown/Other,USD,0,0.0,2000000,CRITICAL QUAL,2019,10,2019010,MO-2806403
CLOSED,Abandoned,7/14/2017,2/15/2019,10/1/2020,Period 09 2019,1/28/2019,Medium,24017412.0,2904.0,category53,sub category146,5464.0,Chf. Security Officer/CSO/CISO,USD,0,0.0,4321486,VENTURES: Federal Expansion -Non-Priority Geos,2019,9,2019009,MO-324459
CLOSED,Abandoned,8/26/2019,10/28/2019,12/27/2019,Period 05 2020,10/15/2019,Medium,24009747.0,2367.0,category38,sub category108,11022.0,CHRO/VP of HR,USD,0,0.0,500000,POSITIONING WITH A KEY CLIENT,2020,5,2020005,MO-2930171
CLOSED,Abandoned,8/29/2018,12/1/2018,2/28/2019,Period 07 2019,12/1/2018,Medium,24007014.0,480.0,category22,sub category101,5427.0,Operations Director/Manager,USD,0,0.0,200000,POSITIONING WITH A KEY CLIENT,2019,7,2019007,MO-2648547
CLOSED,Won,5/29/2019,9/30/2019,2/24/2020,Period 04 2020,9/18/2019,High,24046983.0,1830.0,category8,sub category135,5454.0,CIO/VP MIS,USD,100,0.0,500000,MANAGED SERVICES,2020,4,2020004,MO-2865065
CLOSED,Won,10/8/2019,10/21/2019,1/31/2020,Period 05 2020,10/11/2019,Medium,24034407.0,3714.0,category66,sub category17,5577.0,CFO/VP of Finance,USD,100,0.0,150000,POSITIONING WITH A KEY CLIENT,2020,5,2020005,MO-2966133
CLOSED,Won,9/24/2017,11/19/2018,4/19/2019,Period 08 2019,1/8/2019,High,24001422.0,1818.0,category8,sub category135,22963.0,CIO/VP MIS,USD,100,0.0,2000000,RESTRICTED: Top Consulting Opportunity,2019,8,2019008,MO-2344279
CLOSED,Abandoned,10/1/2018,7/1/2019,6/30/2020,Period 01 2020,6/15/2019,Low,24017412.0,606.0,category14,sub category41,14173.0,Controller,USD,0,0.0,250000,VENTURES: Digital Risk - Dgtl Finance - Dgtl Cntrlshp - C&P,2020,1,2020001,MO-375633
CLOSED,Abandoned,10/1/2018,7/1/2019,6/30/2020,Period 01 2020,6/15/2019,Low,24017412.0,3792.0,category56,sub category148,14173.0,Controller,USD,0,0.0,250000,VENTURES: Digital Risk - Dgtl Finance - Dgtl Cntrlshp - C&P,2020,1,2020001,MO-375633
CLOSED,Abandoned,11/15/2016,7/1/2019,6/30/2020,Period 02 2020,7/15/2019,High,24013977.0,1836.0,category8,sub category118,14270.0,Finance Director/Mgr,USD,0,0.0,4000000,MATERIAL REVENUE POSITION,2020,2,2020002,MO-383923
CLOSED,Abandoned,1/1/2014,1/1/2020,2/28/2020,Period 10 2019,2/21/2019,High,24002139.0,1818.0,category8,sub category135,17440.0,CIO/VP MIS,USD,0,0.0,1300000,POSITIONING WITH A KEY CLIENT,2019,10,2019010,MO-2289939
CLOSED,Won,7/18/2019,9/3/2019,9/23/2019,Period 04 2020,8/28/2019,Medium,24010554.0,1776.0,category8,sub category79,11437.0,Unknown/Other,USD,100,0.0,40000,POSITIONING WITH A KEY CLIENT,2020,4,2020004,MO-2882471
CLOSED,Abandoned,5/2/2018,7/24/2019,9/27/2019,Period 02 2020,7/8/2019,High,24013035.0,15180.0,category57,sub category62,13097.0,Unknown/Other,USD,0,0.0,250000,CRITICAL QUAL,2020,2,2020002,MO-2467081
CLOSED,Won,11/29/2018,1/14/2019,6/21/2019,Period 08 2019,1/9/2019,High,24011613.0,1791.0,category8,sub category157,10346.0,Director/Manager â€“ Other,USD,100,0.0,245000,POSITIONING WITHIN A SECTOR,2019,8,2019008,MO-2747657
CLOSED,Won,5/10/2019,6/3/2019,7/31/2019,Period 01 2020,6/3/2019,Medium,24031314.0,3753.0,category56,sub category117,5378.0,Controller,USD,100,0.0,500000,POSITIONING WITH A KEY CLIENT,2020,1,2020001,MO-2855307
CLOSED,Abandoned,3/6/2017,3/4/2019,7/6/2019,Period 10 2019,3/8/2019,High,24000390.0,1686.0,category21,sub category48,6530.0,Unknown/Other,USD,0,0.0,1300000,POSITIONING WITH A KEY CLIENT,2019,10,2019010,MO-2449307
CLOSED,Abandoned,1/12/2017,7/1/2019,7/31/2019,Period 02 2020,7/1/2019,Low,24021744.0,1875.0,category68,sub category91,9430.0,HR Director/Manager,USD,0,0.0,2000000,POSITIONING WITH A KEY CLIENT,2020,2,2020002,MO-2442597
CLOSED,Abandoned,7/18/2018,8/1/2019,2/1/2020,Period 02 2020,7/16/2019,Medium,24028941.0,1938.0,category68,sub category184,15229.0,Director/Manager â€“ Other,USD,0,0.0,300000,VENTURES: Federal Expansion -San Antonio + Austin,2020,2,2020002,MO-2601715
CLOSED,Won,9/15/2018,2/4/2019,3/8/2019,Period 09 2019,1/24/2019,Medium,24001443.0,15258.0,category57,sub category84,5854.0,Unknown/Other,USD,100,0.0,45000,POSITIONING WITH A KEY CLIENT,2019,9,2019009,MO-2661525
CLOSED,Won,10/13/2018,6/20/2019,2/29/2020,Period 01 2020,6/11/2019,High,24001668.0,3729.0,category57,sub category62,17593.0,COO/Chief Admin,USD,100,0.0,5524455,VENTURES: S&Q | FoF - dTrax,2020,1,2020001,MO-2709337
CLOSED,Won,2/28/2018,7/1/2019,2/14/2020,Period 01 2020,6/25/2019,High,24000882.0,2103.0,category21,sub category60,9368.0,Unknown/Other,USD,100,0.0,2000000,POSITIONING WITHIN A SECTOR,2020,1,2020001,MO-272633
CLOSED,Won,6/28/2019,7/22/2019,10/31/2019,Period 02 2020,7/24/2019,Medium,24045723.0,1917.0,category68,sub category120,9738.0,CFO/VP of Finance,USD,100,0.0,75000,CRITICAL QUAL,2020,2,2020002,MO-2876129
CLOSED,Won,10/8/2018,2/25/2019,4/26/2019,Period 10 2019,2/25/2019,Medium,24012879.0,1743.0,category21,sub category60,5454.0,Unknown/Other,USD,100,0.0,550000,POSITIONING WITH A KEY CLIENT,2019,10,2019010,MO-2704951
CLOSED,Abandoned,3/2/2018,11/4/2019,11/6/2020,Period 04 2020,9/10/2019,Medium,24001629.0,1734.0,category21,sub category60,12917.0,Technology Director/Manager,USD,0,0.0,1350000,CRITICAL QUAL,2020,4,2020004,MO-273267
CLOSED,Won,7/28/2017,4/2/2019,10/31/2019,Period 11 2019,4/5/2019,High,24013977.0,4323.0,category53,sub category52,11496.0,CIO/VP MIS,USD,100,0.0,26967,MATERIAL REVENUE POSITION,2019,11,2019011,MO-29143
CLOSED,Won,7/28/2017,4/2/2019,10/31/2019,Period 11 2019,4/5/2019,High,24013977.0,1872.0,category68,sub category91,11496.0,CIO/VP MIS,USD,100,0.0,175287,MATERIAL REVENUE POSITION,2019,11,2019011,MO-29143
CLOSED,Won,7/28/2017,4/2/2019,10/31/2019,Period 11 2019,4/5/2019,High,24013977.0,1836.0,category8,sub category118,11496.0,CIO/VP MIS,USD,100,0.0,67418,MATERIAL REVENUE POSITION,2019,11,2019011,MO-29143
CLOSED,Abandoned,10/1/2018,1/14/2019,7/31/2019,Period 09 2019,1/16/2019,High,24012378.0,1785.0,category8,sub category157,16408.0,Director/Manager â€“ Other,USD,0,0.0,2000000,POSITIONING WITH A KEY CLIENT,2019,9,2019009,MO-33263
CLOSED,Abandoned,3/19/2018,2/4/2019,3/29/2019,Period 07 2019,11/21/2018,High,24011613.0,1779.0,category8,sub category157,10346.0,Director/Manager â€“ Other,USD,0,0.0,200000,POSITIONING WITH A KEY CLIENT,2019,7,2019007,MO-30115
CLOSED,Won,11/29/2018,1/14/2019,3/29/2019,Period 08 2019,1/9/2019,High,24011613.0,1797.0,category8,sub category157,10346.0,Unknown/Other,USD,100,0.0,97000,POSITIONING WITH A KEY CLIENT,2019,8,2019008,MO-2747793
CLOSED,Won,11/11/2019,2/10/2020,4/30/2020,Period 07 2020,12/13/2019,Medium,24001497.0,3783.0,category56,sub category148,23139.0,Director/Manager â€“ Other,USD,100,0.0,400000,POSITIONING WITH A KEY CLIENT,2020,7,2020007,MO-2997095
CLOSED,Abandoned,1/2/2018,1/28/2019,3/22/2019,Period 09 2019,1/20/2019,Medium,24032928.0,1776.0,category8,sub category79,11437.0,Chief of Staff,USD,0,0.0,360000,POSITIONING WITH A KEY CLIENT,2019,9,2019009,MO-376027
CLOSED,Won,4/16/2018,4/10/2019,6/30/2019,Period 12 2019,4/10/2019,Medium,24001443.0,15384.0,category57,sub category84,5854.0,Unknown/Other,USD,100,0.0,55000,POSITIONING WITH A KEY CLIENT,2019,12,2019012,MO-2458045
CLOSED,Abandoned,7/8/2019,9/3/2019,10/11/2019,Period 04 2020,8/29/2019,High,24035769.0,3783.0,category56,sub category148,12590.0,Risk/Compliance Director/Mgr,USD,0,0.0,350000,VENTURES: Mod Com - Modernizing Compliance,2020,4,2020004,MO-323037
CLOSED,Abandoned,10/27/2017,7/9/2018,6/29/2023,Period 09 2019,1/16/2019,Medium,24007086.0,1644.0,category18,sub category159,21295.0,Director/Manager â€“ Other,USD,0,0.0,2000000,POSITIONING WITH A KEY CLIENT,2019,9,2019009,MO-2282547
CLOSED,Won,9/25/2019,9/30/2019,12/31/2019,Period 06 2020,10/28/2019,Medium,24015885.0,1869.0,category68,sub category91,11923.0,CIO/VP MIS,USD,100,0.0,175000,POSITIONING WITH A KEY CLIENT,2020,6,2020006,MO-2957863
CLOSED,Abandoned,12/14/2017,5/1/2019,6/28/2019,Period 12 2019,4/26/2019,Medium,24005124.0,1776.0,category8,sub category79,11437.0,Unknown/Other,USD,0,0.0,300000,POSITIONING WITH A KEY CLIENT,2019,12,2019012,MO-372529
CLOSED,Won,5/26/2016,12/2/2019,11/30/2020,Period 03 2020,8/20/2019,Medium,24013977.0,2904.0,category53,sub category146,10326.0,Chf. Security Officer/CSO/CISO,USD,100,0.0,63279,POSITIONING WITH A KEY CLIENT,2020,3,2020003,MO-2428931
CLOSED,Won,9/28/2018,9/30/2019,10/2/2020,Period 05 2020,9/24/2019,High,24011613.0,1779.0,category8,sub category157,10346.0,Operations Director/Manager,USD,100,0.0,2200000,CRITICAL QUAL,2020,5,2020005,MO-2466563
CLOSED,Won,9/28/2018,9/30/2019,10/2/2020,Period 05 2020,9/24/2019,High,24011613.0,1791.0,category8,sub category157,10346.0,Operations Director/Manager,USD,100,0.0,5600000,CRITICAL QUAL,2020,5,2020005,MO-2466563
CLOSED,Won,12/8/2018,2/17/2019,6/21/2019,Period 10 2019,2/14/2019,High,24001206.0,1791.0,category8,sub category157,23387.0,Operations Director/Manager,USD,100,0.0,4630000,POSITIONING WITH A KEY CLIENT,2019,10,2019010,MO-2754765
CLOSED,Abandoned,10/20/2017,6/28/2019,12/31/2019,Period 13 2019,5/16/2019,High,24000507.0,3210.0,category53,sub category51,9499.0,Chf. Security Officer/CSO/CISO,USD,0,0.0,500000,VENTURES: Future of Cyber -Cyber IoT,2019,13,2019013,MO-350143
CLOSED,Won,8/22/2017,5/7/2018,6/15/2018,Period 07 2019,12/13/2018,Medium,24010554.0,2004.0,category51,sub category8,12610.0,Technology Director/Manager,USD,100,0.0,50000,CRITICAL QUAL,2019,7,2019007,MO-2344125
CLOSED,Won,3/26/2019,7/8/2019,1/31/2020,Period 02 2020,7/8/2019,Medium,24053049.0,3252.0,category22,sub category144,5378.0,CAE/Internal Audit Director,USD,100,0.0,250000,MATERIAL REVENUE POSITION,2020,2,2020002,MO-2838659
CLOSED,Lost,3/30/2018,12/10/2018,1/25/2019,Period 08 2019,1/6/2019,High,24004764.0,1692.0,category21,sub category48,17579.0,CEO,USD,0,0.0,480000,POSITIONING WITH A KEY CLIENT,2019,8,2019008,MO-2454829
CLOSED,Lost,3/30/2018,12/10/2018,1/25/2019,Period 08 2019,1/6/2019,High,24004764.0,2001.0,category51,sub category152,17579.0,CEO,USD,0,0.0,120000,POSITIONING WITH A KEY CLIENT,2019,8,2019008,MO-2454829
CLOSED,Abandoned,11/1/2016,4/1/2020,9/30/2020,Period 05 2020,10/8/2019,High,24000450.0,660.0,category53,sub category11,6422.0,CIO/VP MIS,USD,0,0.0,300000,RESTRICTED: Top Consulting Opportunity,2020,5,2020005,MO-267481
CLOSED,Abandoned,11/1/2016,4/1/2020,9/30/2020,Period 05 2020,10/8/2019,High,24000450.0,1911.0,category68,sub category120,6422.0,CIO/VP MIS,USD,0,0.0,450000,RESTRICTED: Top Consulting Opportunity,2020,5,2020005,MO-267481
CLOSED,Abandoned,11/1/2016,4/1/2020,9/30/2020,Period 05 2020,10/8/2019,High,24000450.0,1818.0,category8,sub category135,6422.0,CIO/VP MIS,USD,0,0.0,2250000,RESTRICTED: Top Consulting Opportunity,2020,5,2020005,MO-267481
CLOSED,Lost,5/8/2019,10/31/2019,10/31/2024,Period 05 2020,10/14/2019,High,24010338.0,15321.0,category67,sub category56,24250.0,Unknown/Other,USD,0,0.0,1000000,POSITIONING WITHIN A SECTOR,2020,5,2020005,MO-2853947
CLOSED,Lost,5/8/2019,10/31/2019,10/31/2024,Period 05 2020,10/14/2019,High,24010338.0,1770.0,category8,sub category79,24250.0,Unknown/Other,USD,0,0.0,1000000,POSITIONING WITHIN A SECTOR,2020,5,2020005,MO-2853947
CLOSED,Won,3/24/2019,4/1/2019,4/5/2019,Period 11 2019,4/1/2019,High,24000516.0,1776.0,category8,sub category79,11437.0,Accounting Director/Manager,USD,100,0.0,24800,CRITICAL QUAL,2019,11,2019011,MO-2838105
CLOSED,Won,3/24/2019,4/1/2019,4/5/2019,Period 11 2019,4/1/2019,High,24000516.0,3117.0,category14,sub category2,11437.0,Accounting Director/Manager,USD,100,0.0,6200,CRITICAL QUAL,2019,11,2019011,MO-2838105
CLOSED,Won,8/2/2017,12/3/2018,1/4/2019,Period 07 2019,11/19/2018,High,24002487.0,2904.0,category53,sub category146,6008.0,Unknown/Other,USD,100,0.0,1100000,VENTURES: Future of Cyber -Cyber IoT,2019,7,2019007,MO-344361
CLOSED,Won,1/20/2019,2/14/2019,4/5/2019,Period 10 2019,2/13/2019,High,24000516.0,3117.0,category14,sub category2,11437.0,CAO/Director of Accounting,USD,100,0.0,96800,POSITIONING WITH A KEY CLIENT,2019,10,2019010,MO-2808037
CLOSED,Won,1/20/2019,2/14/2019,4/5/2019,Period 10 2019,2/13/2019,High,24000516.0,1776.0,category8,sub category79,11437.0,CAO/Director of Accounting,USD,100,0.0,387200,POSITIONING WITH A KEY CLIENT,2019,10,2019010,MO-2808037
CLOSED,Won,8/21/2019,3/2/2020,4/10/2020,Period 05 2020,9/24/2019,High,24001497.0,3783.0,category56,sub category148,19104.0,Director/Manager â€“ Other,USD,100,0.0,80000,VENTURES: S&Q | FoF - Blockchain Initiatives,2020,5,2020005,MO-2925969
CLOSED,Won,1/1/2018,4/1/2019,3/31/2024,Period 10 2019,2/26/2019,High,24040203.0,2004.0,category51,sub category8,11201.0,CTO/CITO,USD,100,0.0,6182266,POSITIONING WITHIN A SECTOR,2019,10,2019010,MO-375059
CLOSED,Won,1/1/2018,4/1/2019,3/31/2024,Period 10 2019,2/26/2019,High,24040203.0,2001.0,category51,sub category152,11201.0,CTO/CITO,USD,100,0.0,1090988,POSITIONING WITHIN A SECTOR,2019,10,2019010,MO-375059
CLOSED,Won,10/11/2016,10/11/2019,10/10/2020,Period 06 2020,11/7/2019,High,24048819.0,672.0,category53,sub category94,14174.0,Director/Manager â€“ Other,USD,100,0.0,204873,REPLACE KEY COMPETITOR OR DEFEND POSITION,2020,6,2020006,MO-2438973
CLOSED,Won,9/19/2018,3/26/2019,3/29/2019,Period 11 2019,3/24/2019,High,24003402.0,1824.0,category8,sub category135,9357.0,CIO/VP MIS,USD,100,0.0,250000,MATERIAL REVENUE POSITION,2019,11,2019011,MO-2665589
CLOSED,Won,10/17/2017,3/12/2019,9/27/2019,Period 11 2019,3/11/2019,High,24011613.0,1791.0,category8,sub category157,10346.0,Operations Director/Manager,USD,100,0.0,495000,CRITICAL QUAL,2019,11,2019011,MO-2347649
CLOSED,Won,10/17/2017,3/12/2019,9/27/2019,Period 11 2019,3/11/2019,High,24011613.0,1779.0,category8,sub category157,10346.0,Operations Director/Manager,USD,100,0.0,245000,CRITICAL QUAL,2019,11,2019011,MO-2347649
CLOSED,Won,12/9/2019,12/20/2019,3/27/2020,Period 07 2020,12/10/2019,High,24034407.0,3714.0,category66,sub category17,5577.0,CFO/VP of Finance,USD,100,0.0,500000,POSITIONING WITH A KEY CLIENT,2020,7,2020007,MO-3013799
CLOSED,Won,3/10/2019,8/19/2019,8/30/2019,Period 03 2020,8/15/2019,Medium,24007794.0,1779.0,category8,sub category157,9732.0,Unknown/Other,USD,100,0.0,780000,POSITIONING WITH A KEY CLIENT,2020,3,2020003,MO-2832539
CLOSED,Won,10/8/2019,10/21/2019,11/1/2019,Period 05 2020,10/13/2019,Medium,24011613.0,1791.0,category8,sub category157,10346.0,HR Director/Manager,USD,100,0.0,26000,POSITIONING WITH A KEY CLIENT,2020,5,2020005,MO-2966413
CLOSED,Abandoned,11/27/2017,6/3/2019,6/28/2019,Period 01 2020,6/6/2019,Medium,24053994.0,1338.0,category53,sub category98,6814.0,CIO/VP MIS,USD,0,0.0,50000,VENTURES: Future of Cyber -Software Asset Management,2020,1,2020001,MO-221499
CLOSED,Won,3/4/2019,5/4/2019,5/8/2020,Period 11 2019,3/25/2019,Medium,24002151.0,1833.0,category8,sub category135,9394.0,Technology Director/Manager,USD,100,0.0,3700000,MANAGED SERVICES,2019,11,2019011,MO-2378563
CLOSED,Won,3/4/2019,5/4/2019,5/8/2020,Period 11 2019,3/25/2019,Medium,24002151.0,3477.0,category53,sub category11,9394.0,Technology Director/Manager,USD,100,0.0,300000,MANAGED SERVICES,2019,11,2019011,MO-2378563
CLOSED,Won,11/22/2018,6/3/2019,6/28/2019,Period 02 2020,7/10/2019,Medium,24018492.0,1686.0,category21,sub category48,9793.0,CEO,USD,100,0.0,39000,REPLACE KEY COMPETITOR OR DEFEND POSITION,2020,2,2020002,MO-2742595
CLOSED,Won,11/28/2018,1/1/2019,12/31/2023,Period 08 2019,12/19/2018,Medium,24005079.0,1917.0,category68,sub category120,5593.0,Chief Risk/Compliance Officer,USD,100,0.0,718000,REPLACE KEY COMPETITOR OR DEFEND POSITION,2019,8,2019008,MO-2746621
CLOSED,Won,4/24/2019,8/1/2019,12/27/2019,Period 02 2020,7/26/2019,High,24005223.0,3678.0,category53,sub category98,11069.0,Technology Director/Manager,USD,100,0.0,400000,POSITIONING WITH A KEY CLIENT,2020,2,2020002,MO-2849331
CLOSED,Abandoned,6/3/2019,8/9/2019,9/9/2019,Period 04 2020,9/4/2019,High,24039279.0,3699.0,category4,sub category173,5045.0,Director/Manager â€“ Other,USD,0,0.0,37800,MANAGED SERVICES,2020,4,2020004,MO-2867847
CLOSED,Lost,9/15/2015,3/1/2019,3/31/2019,Period 06 2020,11/6/2019,High,24026067.0,2064.0,category21,sub category88,6401.0,Unknown/Other,USD,0,0.0,2000000,RESTRICTED: Top Consulting Opportunity,2020,6,2020006,MO-2288671
CLOSED,Won,1/22/2016,9/14/2019,9/13/2020,Period 04 2020,9/12/2019,High,24017412.0,606.0,category14,sub category41,14173.0,Controller,USD,100,0.0,455213,POSITIONING WITH A KEY CLIENT,2020,4,2020004,MO-2380991
CLOSED,Won,1/22/2016,9/14/2019,9/13/2020,Period 04 2020,9/12/2019,High,24017412.0,3756.0,category56,sub category95,14173.0,Controller,USD,100,0.0,151737,POSITIONING WITH A KEY CLIENT,2020,4,2020004,MO-2380991
CLOSED,Abandoned,1/18/2017,1/2/2019,12/30/2019,Period 12 2019,4/8/2019,High,24012258.0,2004.0,category51,sub category8,17841.0,Technology Director/Manager,USD,0,0.0,500000,POSITIONING WITH A KEY CLIENT,2019,12,2019012,MO-376049
CLOSED,Won,2/28/2019,2/28/2019,11/15/2019,Period 10 2019,3/7/2019,High,24017412.0,2004.0,category51,sub category8,15125.0,CTO/CITO,USD,100,4324512.0,4324512,CRITICAL QUAL,2019,10,2019010,MO-2826805
CLOSED,Abandoned,3/6/2018,3/4/2019,3/3/2020,Period 11 2019,3/19/2019,Medium,24024003.0,606.0,category14,sub category41,16268.0,CFO/VP of Finance,USD,0,0.0,1,VENTURES: Digital Risk - Dgtl Finance - Dgtl Cntrlshp - C&P,2019,11,2019011,MO-274051
CLOSED,Won,9/10/2019,9/19/2019,11/1/2019,Period 04 2020,9/18/2019,Medium,24016809.0,1776.0,category8,sub category79,11437.0,Unknown/Other,USD,100,0.0,160000,POSITIONING WITH A KEY CLIENT,2020,4,2020004,MO-2940167
CLOSED,Won,11/9/2017,7/1/2019,12/27/2019,Period 01 2020,6/6/2019,High,24016845.0,2013.0,category51,sub category8,6575.0,Technology Director/Manager,USD,100,0.0,459917,VENTURES: Digital Risk - Dgtl Finance - Dgtl Cntrlshp - C&P,2020,1,2020001,MO-2265805
CLOSED,Won,11/9/2017,7/1/2019,12/27/2019,Period 01 2020,6/6/2019,High,24016845.0,606.0,category14,sub category41,6575.0,Technology Director/Manager,USD,100,0.0,379739,VENTURES: Digital Risk - Dgtl Finance - Dgtl Cntrlshp - C&P,2020,1,2020001,MO-2265805
CLOSED,Won,11/9/2017,7/1/2019,12/27/2019,Period 01 2020,6/6/2019,High,24016845.0,1764.0,category8,sub category79,6575.0,Technology Director/Manager,USD,100,0.0,379739,VENTURES: Digital Risk - Dgtl Finance - Dgtl Cntrlshp - C&P,2020,1,2020001,MO-2265805
CLOSED,Lost,3/11/2019,1/13/2020,1/12/2025,Period 05 2020,10/16/2019,High,24044775.0,3300.0,category37,sub category105,8618.0,COO/Chief Admin,USD,0,0.0,45000000,MANAGED SERVICES,2020,5,2020005,MO-2837051
CLOSED,Abandoned,3/20/2018,4/1/2019,7/31/2019,Period 09 2019,2/5/2019,High,24020133.0,1821.0,category8,sub category135,15373.0,Board of Directors,USD,0,0.0,1,POSITIONING WITH A KEY CLIENT,2019,9,2019009,MO-30419
CLOSED,Abandoned,7/27/2018,2/20/2019,4/30/2019,Period 10 2019,2/21/2019,Medium,24019014.0,3783.0,category56,sub category148,12590.0,Chief Risk/Compliance Officer,USD,0,0.0,130000,VENTURES: Mod Com - Modernizing Compliance,2019,10,2019010,MO-225075
CLOSED,Abandoned,10/3/2018,7/8/2019,10/4/2019,Period 13 2019,5/13/2019,High,24003249.0,2214.0,category18,sub category22,9274.0,Technology Director/Manager,USD,0,0.0,80000,MANAGED SERVICES,2019,13,2019013,MO-2699101
CLOSED,Abandoned,10/3/2018,7/8/2019,10/4/2019,Period 13 2019,5/13/2019,High,24003249.0,2004.0,category51,sub category8,9274.0,Technology Director/Manager,USD,0,0.0,394017,MANAGED SERVICES,2019,13,2019013,MO-2699101
CLOSED,Abandoned,3/5/2018,2/11/2019,4/1/2019,Period 10 2019,2/26/2019,High,24002988.0,1686.0,category21,sub category48,16351.0,COO/Chief Admin,USD,0,0.0,360000,CRITICAL QUAL,2019,10,2019010,MO-273683
CLOSED,Abandoned,12/20/2017,4/15/2019,2/22/2020,Period 09 2019,1/28/2019,High,24016794.0,2004.0,category51,sub category8,21513.0,CIO/VP MIS,USD,0,0.0,1000000,CRITICAL QUAL,2019,9,2019009,MO-274583
CLOSED,Won,12/18/2018,1/23/2019,12/31/2019,Period 09 2019,1/24/2019,High,24011967.0,1734.0,category21,sub category60,6961.0,Technology Director/Manager,USD,100,0.0,1000000,MANAGED SERVICES,2019,9,2019009,MO-2763663
CLOSED,Won,6/28/2019,7/29/2019,8/26/2019,Period 02 2020,7/15/2019,Medium,24043782.0,1776.0,category8,sub category79,11437.0,CAO/Director of Accounting,USD,100,0.0,31500,POSITIONING WITH A KEY CLIENT,2020,2,2020002,MO-2876293
CLOSED,Won,8/28/2017,11/30/2018,12/31/2019,Period 07 2019,11/27/2018,High,24015174.0,3756.0,category56,sub category95,12269.0,Operations Director/Manager,USD,100,0.0,1600000,VENTURES:DCG: Automotive Dealership Performance Services,2019,7,2019007,MO-345819
CLOSED,Lost,3/20/2019,6/3/2019,8/30/2019,Period 13 2019,5/7/2019,Medium,24009891.0,1776.0,category8,sub category79,11437.0,Unknown/Other,USD,0,0.0,500000,CRITICAL QUAL,2019,13,2019013,MO-2837151
CLOSED,Abandoned,5/15/2017,8/1/2019,10/10/2019,Period 01 2020,6/26/2019,High,24038178.0,1794.0,category8,sub category157,23026.0,CIO/VP MIS,USD,0,0.0,250000,SIGNIFICANT VALUE IMPACT (>$100m),2020,1,2020001,MO-369827
CLOSED,Abandoned,5/15/2017,8/1/2019,10/10/2019,Period 01 2020,6/26/2019,High,24038178.0,2001.0,category51,sub category152,23026.0,CIO/VP MIS,USD,0,0.0,500000,SIGNIFICANT VALUE IMPACT (>$100m),2020,1,2020001,MO-369827
CLOSED,Lost,10/20/2016,3/11/2019,1/31/2023,Period 10 2019,2/20/2019,High,24040635.0,3705.0,category35,sub category76,12243.0,Unknown/Other,USD,0,0.0,2000000,VENTURES: Extended Enterprise - Core - CoE,2019,10,2019010,MO-2236533
CLOSED,Won,10/14/2016,3/4/2019,1/31/2020,Period 10 2019,3/4/2019,High,24005055.0,3477.0,category53,sub category11,9736.0,Unknown/Other,USD,100,0.0,167700,MANAGED SERVICES,2019,10,2019010,MO-2295997
CLOSED,Won,10/14/2016,3/4/2019,1/31/2020,Period 10 2019,3/4/2019,High,24005055.0,1833.0,category8,sub category135,9736.0,Unknown/Other,USD,100,0.0,1122300,MANAGED SERVICES,2019,10,2019010,MO-2295997
CLOSED,Won,10/5/2019,11/4/2019,11/22/2019,Period 05 2020,10/7/2019,High,24011613.0,1791.0,category8,sub category157,11558.0,Director/Manager â€“ Other,USD,100,0.0,50000,POSITIONING WITH A KEY CLIENT,2020,5,2020005,MO-2964365
CLOSED,Abandoned,5/9/2017,1/15/2019,6/30/2020,Period 09 2019,1/18/2019,Low,24011016.0,1830.0,category8,sub category135,5689.0,COO/Chief Admin,USD,0,0.0,5000000,CRITICAL QUAL,2019,9,2019009,MO-365559
CLOSED,Abandoned,7/5/2018,11/23/2018,2/28/2019,Period 08 2019,1/4/2019,Medium,24040938.0,3681.0,category53,sub category146,10888.0,Chf. Security Officer/CSO/CISO,USD,0,0.0,300000,MANAGED SERVICES,2019,8,2019008,MO-2592805
CLOSED,Abandoned,7/21/2018,11/21/2018,1/5/2019,Period 07 2019,11/18/2018,Medium,24059589.0,1131.0,category61,sub category126,10516.0,Controller,USD,0,0.0,180000,POSITIONING WITH A KEY CLIENT,2019,7,2019007,MO-2603823
CLOSED,Abandoned,7/21/2018,11/21/2018,1/5/2019,Period 07 2019,11/18/2018,Medium,24059589.0,3117.0,category14,sub category2,10516.0,Controller,USD,0,0.0,140000,POSITIONING WITH A KEY CLIENT,2019,7,2019007,MO-2603823
CLOSED,Won,5/6/2019,5/20/2019,6/14/2019,Period 01 2020,6/11/2019,Medium,24058752.0,1995.0,category51,sub category152,12024.0,CEO,USD,100,0.0,400000,POSITIONING WITH A KEY CLIENT,2020,1,2020001,MO-2852929
CLOSED,Abandoned,4/18/2018,2/1/2019,10/21/2019,Period 10 2019,3/6/2019,High,24015942.0,2004.0,category51,sub category8,9719.0,Unknown/Other,USD,0,0.0,1500000,POSITIONING WITH A KEY CLIENT,2019,10,2019010,MO-2459851
CLOSED,Abandoned,5/18/2018,4/1/2019,4/26/2019,Period 10 2019,3/3/2019,High,24000450.0,1836.0,category8,sub category118,12130.0,Technology Director/Manager,USD,0,0.0,75000,POSITIONING WITH A KEY CLIENT,2019,10,2019010,MO-2475777
CLOSED,Won,11/30/2017,4/30/2019,4/29/2020,Period 13 2019,5/8/2019,Low,24033501.0,1821.0,category8,sub category135,6857.0,Unknown/Other,USD,100,0.0,1342656,CRITICAL QUAL,2019,13,2019013,MO-2468241
CLOSED,Won,11/30/2017,4/30/2019,4/29/2020,Period 13 2019,5/8/2019,Low,24033501.0,2895.0,category14,sub category2,6857.0,Unknown/Other,USD,100,0.0,1342656,CRITICAL QUAL,2019,13,2019013,MO-2468241
CLOSED,Won,2/1/2019,2/4/2019,2/28/2019,Period 09 2019,2/4/2019,Medium,24000990.0,1992.0,category38,sub category109,22587.0,Unknown/Other,USD,100,0.0,685000,POSITIONING WITH A KEY CLIENT,2019,9,2019009,MO-2813107
CLOSED,Abandoned,8/31/2017,6/28/2019,12/31/2019,Period 13 2019,5/28/2019,High,24000750.0,3210.0,category53,sub category51,16018.0,Chf. Security Officer/CSO/CISO,USD,0,0.0,145000,VENTURES: Future of Cyber -Cyber IoT,2019,13,2019013,MO-346151
CLOSED,Abandoned,3/16/2018,7/8/2019,8/30/2019,Period 13 2019,5/12/2019,Medium,24032928.0,1776.0,category8,sub category79,11437.0,Chief of Staff,USD,0,0.0,400000,POSITIONING WITH A KEY CLIENT,2019,13,2019013,MO-225069
CLOSED,Abandoned,10/6/2016,7/1/2019,10/31/2019,Period 11 2019,3/26/2019,High,24018291.0,1785.0,category8,sub category157,6480.0,Director/Manager â€“ Other,USD,0,0.0,1250000,POSITIONING WITH A KEY CLIENT,2019,11,2019011,MO-2294897
CLOSED,Won,4/13/2018,6/3/2019,1/31/2020,Period 13 2019,5/15/2019,Medium,24460689.0,1734.0,category21,sub category60,9368.0,Director/Manager â€“ Other,USD,100,0.0,1600000,POSITIONING WITH A KEY CLIENT,2019,13,2019013,MO-2456513
CLOSED,Won,2/26/2019,6/11/2019,9/15/2019,Period 01 2020,6/11/2019,High,24013167.0,3756.0,category56,sub category95,9766.0,Chief Risk/Compliance Officer,USD,100,0.0,669379,POSITIONING WITH A KEY CLIENT,2020,1,2020001,MO-2826055
CLOSED,Won,2/26/2019,6/11/2019,9/15/2019,Period 01 2020,6/11/2019,High,24013167.0,660.0,category53,sub category11,9766.0,Chief Risk/Compliance Officer,USD,100,0.0,286291,POSITIONING WITH A KEY CLIENT,2020,1,2020001,MO-2826055
CLOSED,Won,7/28/2017,12/12/2018,3/12/2019,Period 07 2019,12/14/2018,High,24013977.0,1872.0,category68,sub category91,11496.0,CIO/VP MIS,USD,100,0.0,498509,MATERIAL REVENUE POSITION,2019,7,2019007,MO-29141
CLOSED,Won,7/28/2017,12/12/2018,3/12/2019,Period 07 2019,12/14/2018,High,24013977.0,4323.0,category53,sub category52,11496.0,CIO/VP MIS,USD,100,0.0,76694,MATERIAL REVENUE POSITION,2019,7,2019007,MO-29141
CLOSED,Won,7/28/2017,12/12/2018,3/12/2019,Period 07 2019,12/14/2018,High,24013977.0,1836.0,category8,sub category118,11496.0,CIO/VP MIS,USD,100,0.0,191734,MATERIAL REVENUE POSITION,2019,7,2019007,MO-29141
CLOSED,Won,5/11/2017,1/16/2019,12/18/2020,Period 09 2019,1/21/2019,High,24005532.0,5871.0,category50,sub category180,5812.0,Tax Director/Manager,USD,100,0.0,500000,POSITIONING WITH A KEY CLIENT,2019,9,2019009,MO-39417
CLOSED,Abandoned,4/30/2018,7/26/2019,11/1/2019,Period 09 2019,2/5/2019,High,24022944.0,1734.0,category21,sub category60,10092.0,Technology Director/Manager,USD,0,0.0,245000,POSITIONING WITH A KEY CLIENT,2019,9,2019009,MO-2470713
CLOSED,Won,2/25/2018,1/28/2019,4/12/2019,Period 09 2019,1/29/2019,Medium,24001629.0,1728.0,category21,sub category60,12917.0,Operations Director/Manager,USD,100,0.0,625000,CRITICAL QUAL,2019,9,2019009,MO-271871
CLOSED,Won,5/2/2019,6/4/2019,12/31/2019,Period 01 2020,6/4/2019,High,24325785.0,2904.0,category53,sub category146,11112.0,Chf. Security Officer/CSO/CISO,USD,100,0.0,999510,REPLACE KEY COMPETITOR OR DEFEND POSITION,2020,1,2020001,MO-2852051
CLOSED,Abandoned,1/19/2018,5/1/2019,6/28/2019,Period 13 2019,5/28/2019,Medium,24065004.0,3756.0,category56,sub category95,6664.0,CFO/VP of Finance,USD,0,0.0,500000,POSITIONING WITHIN A SECTOR,2019,13,2019013,MO-376931
CLOSED,Won,11/6/2017,4/8/2019,5/3/2019,Period 11 2019,4/1/2019,High,24016854.0,2004.0,category51,sub category8,12802.0,COO/Chief Admin,USD,100,0.0,225000,CRITICAL QUAL,2019,11,2019011,MO-2266689
CLOSED,Abandoned,11/8/2018,5/1/2019,8/30/2019,Period 12 2019,4/29/2019,High,24054597.0,3117.0,category14,sub category2,5427.0,Finance Director/Mgr,USD,0,0.0,300000,POSITIONING WITHIN A SECTOR,2019,12,2019012,MO-2729755
CLOSED,Abandoned,12/12/2018,4/29/2019,6/28/2019,Period 13 2019,5/6/2019,Medium,24341361.0,1686.0,category21,sub category48,11545.0,Director/Manager â€“ Other,USD,0,0.0,250000,CRITICAL QUAL,2019,13,2019013,MO-2758133
CLOSED,Won,9/23/2015,5/26/2019,5/25/2020,Period 01 2020,6/11/2019,High,24035370.0,3759.0,category56,sub category95,16268.0,Director/Manager â€“ Other,USD,100,0.0,2839078,POSITIONING WITHIN A SECTOR,2020,1,2020001,MO-3027
CLOSED,Won,9/23/2015,5/26/2019,5/25/2020,Period 01 2020,6/11/2019,High,24035370.0,2895.0,category14,sub category2,16268.0,Director/Manager â€“ Other,USD,100,0.0,835152,POSITIONING WITHIN A SECTOR,2020,1,2020001,MO-3027
CLOSED,Abandoned,7/19/2016,7/1/2019,8/16/2019,Period 13 2019,5/7/2019,High,24003033.0,2007.0,category51,sub category8,11975.0,COO/Chief Admin,USD,0,0.0,700000,CRITICAL QUAL,2019,13,2019013,MO-2314917
CLOSED,Won,3/1/2018,1/6/2019,12/31/2019,Period 08 2019,12/22/2018,High,24022065.0,1833.0,category8,sub category135,18948.0,CIO/VP MIS,USD,100,0.0,8178000,MANAGED SERVICES,2019,8,2019008,MO-272925
CLOSED,Won,3/1/2018,1/6/2019,12/31/2019,Period 08 2019,12/22/2018,High,24022065.0,3477.0,category53,sub category11,18948.0,CIO/VP MIS,USD,100,0.0,522000,MANAGED SERVICES,2019,8,2019008,MO-272925
CLOSED,Won,8/9/2019,10/7/2019,12/6/2019,Period 05 2020,10/2/2019,High,24016794.0,1977.0,category38,sub category108,6536.0,Operations Director/Manager,USD,100,0.0,755000,POSITIONING WITH A KEY CLIENT,2020,5,2020005,MO-2920817
CLOSED,Won,8/17/2018,10/1/2019,9/30/2020,Period 05 2020,10/3/2019,High,24041772.0,3480.0,category53,sub category94,12706.0,Director/Manager â€“ Other,USD,100,0.0,1447849,VENTURES: Future of Cyber -Digital Identity,2020,5,2020005,MO-2639717
CLOSED,Abandoned,1/26/2019,7/19/2019,9/13/2019,Period 01 2020,6/26/2019,High,24060660.0,1791.0,category8,sub category157,10322.0,Operations Director/Manager,USD,0,0.0,750000,POSITIONING WITH A KEY CLIENT,2020,1,2020001,MO-2810677
CLOSED,Abandoned,8/24/2018,6/3/2019,6/30/2022,Period 09 2019,2/4/2019,High,24328737.0,3285.0,category4,sub category173,10847.0,Treasurer,USD,0,0.0,100000,VENTURES: Extended Enterprise -Treasury Managed Services,2019,9,2019009,MO-2645187
CLOSED,Abandoned,3/6/2018,1/1/2019,6/28/2019,Period 11 2019,4/1/2019,High,24330774.0,1722.0,category21,sub category6,14320.0,Unknown/Other,USD,0,0.0,25000,POSITIONING WITH A KEY CLIENT,2019,11,2019011,MO-273903
CLOSED,Abandoned,3/6/2018,1/1/2019,6/28/2019,Period 11 2019,4/1/2019,High,24330774.0,1692.0,category21,sub category48,14320.0,Unknown/Other,USD,0,0.0,250000,POSITIONING WITH A KEY CLIENT,2019,11,2019011,MO-273903
CLOSED,Lost,11/16/2018,3/25/2019,7/19/2019,Period 11 2019,3/25/2019,High,24000516.0,1974.0,category38,sub category109,9760.0,CFO/VP of Finance,USD,0,0.0,500000,CRITICAL QUAL,2019,11,2019011,MO-2738995
CLOSED,Won,1/20/2019,1/30/2019,2/8/2019,Period 09 2019,1/29/2019,High,24000516.0,1776.0,category8,sub category79,11437.0,CAO/Director of Accounting,USD,100,0.0,52240,POSITIONING WITH A KEY CLIENT,2019,9,2019009,MO-2808029
CLOSED,Won,1/20/2019,1/30/2019,2/8/2019,Period 09 2019,1/29/2019,High,24000516.0,3117.0,category14,sub category2,11437.0,CAO/Director of Accounting,USD,100,0.0,13060,POSITIONING WITH A KEY CLIENT,2019,9,2019009,MO-2808029
CLOSED,Won,11/28/2017,11/22/2018,9/19/2019,Period 07 2019,11/22/2018,Medium,24027375.0,1338.0,category53,sub category98,13570.0,Director/Manager â€“ Other,USD,100,0.0,1529978,VENTURES: Future of Cyber -Software Asset Management,2019,7,2019007,MO-221641
CLOSED,Won,11/28/2017,11/22/2018,9/19/2019,Period 07 2019,11/22/2018,Medium,24027375.0,1629.0,category18,sub category116,13570.0,Director/Manager â€“ Other,USD,100,0.0,31225,VENTURES: Future of Cyber -Software Asset Management,2019,7,2019007,MO-221641
CLOSED,Won,5/26/2016,12/17/2018,11/30/2019,Period 08 2019,12/19/2018,Medium,24013977.0,2904.0,category53,sub category146,10326.0,Chf. Security Officer/CSO/CISO,USD,100,0.0,1569882,POSITIONING WITH A KEY CLIENT,2019,8,2019008,MO-2428929
CLOSED,Won,3/7/2019,4/26/2019,4/30/2020,Period 11 2019,4/3/2019,High,24012879.0,1824.0,category8,sub category135,5454.0,Operations Director/Manager,USD,100,0.0,37244,POSITIONING WITH A KEY CLIENT,2019,11,2019011,MO-2830463
CLOSED,Abandoned,2/23/2018,10/1/2018,11/2/2018,Period 07 2019,12/5/2018,Medium,24025281.0,1659.0,category18,sub category22,20974.0,Director/Manager â€“ Other,USD,0,0.0,250000,MANAGED SERVICES,2019,7,2019007,MO-29029
CLOSED,Won,9/3/2018,3/11/2019,3/29/2019,Period 09 2019,2/6/2019,Medium,24019647.0,2004.0,category51,sub category8,9940.0,CAO/Director of Accounting,USD,100,0.0,225000,POSITIONING WITH A KEY CLIENT,2019,9,2019009,MO-277295
CLOSED,Won,9/3/2018,3/11/2019,3/29/2019,Period 09 2019,2/6/2019,Medium,24019647.0,1917.0,category68,sub category120,9940.0,CAO/Director of Accounting,USD,100,0.0,105000,POSITIONING WITH A KEY CLIENT,2019,9,2019009,MO-277295
CLOSED,Won,4/18/2019,5/6/2019,5/31/2019,Period 13 2019,5/7/2019,High,24000222.0,480.0,category22,sub category101,5378.0,Technology Director/Manager,USD,100,0.0,13000,POSITIONING WITH A KEY CLIENT,2019,13,2019013,MO-2846109
CLOSED,Won,10/16/2019,10/28/2019,11/30/2019,Period 06 2020,11/15/2019,High,24024525.0,645.0,category66,sub category172,9789.0,Accounting Director/Manager,USD,100,0.0,200000,VENTURES: Extended Enterprise -MRS- Cyber GRX,2020,6,2020006,MO-2972995
CLOSED,Won,10/16/2019,10/28/2019,11/30/2019,Period 06 2020,11/15/2019,High,24024525.0,5862.0,category50,sub category180,9789.0,Accounting Director/Manager,USD,100,0.0,100000,VENTURES: Extended Enterprise -MRS- Cyber GRX,2020,6,2020006,MO-2972995
CLOSED,Won,3/27/2019,4/1/2019,8/30/2019,Period 12 2019,4/8/2019,High,24001014.0,15126.0,category57,sub category84,10171.0,General Counsel/Legal,USD,100,0.0,500000,POSITIONING WITH A KEY CLIENT,2019,12,2019012,MO-2839273
CLOSED,Abandoned,6/1/2018,7/1/2019,8/30/2019,Period 13 2019,5/7/2019,High,24000459.0,3477.0,category53,sub category11,5464.0,Technology Director/Manager,USD,0,0.0,240000,MANAGED SERVICES,2019,13,2019013,MO-2483095
CLOSED,Won,10/8/2019,12/2/2019,12/31/2019,Period 07 2020,11/20/2019,High,24005214.0,1686.0,category21,sub category48,17626.0,Director/Manager â€“ Other,USD,100,0.0,189000,POSITIONING WITH A KEY CLIENT,2020,7,2020007,MO-2989591
CLOSED,Won,8/18/2017,4/1/2019,5/31/2019,Period 11 2019,3/14/2019,High,24038781.0,1728.0,category21,sub category60,22201.0,Director/Manager â€“ Other,USD,100,0.0,415803,POSITIONING WITH A KEY CLIENT,2019,11,2019011,MO-2280949
CLOSED,Abandoned,1/8/2015,7/1/2019,5/1/2020,Period 01 2020,6/17/2019,High,24013977.0,3591.0,category25,sub category46,7225.0,Director/Manager â€“ Other,USD,0,0.0,141667,VENTURES: Extended Enterprise - Core - CoE,2020,1,2020001,MO-2366095
CLOSED,Abandoned,1/8/2015,7/1/2019,5/1/2020,Period 01 2020,6/17/2019,High,24013977.0,2004.0,category51,sub category8,7225.0,Director/Manager â€“ Other,USD,0,0.0,141666,VENTURES: Extended Enterprise - Core - CoE,2020,1,2020001,MO-2366095
CLOSED,Abandoned,10/19/2017,1/1/2020,1/31/2023,Period 07 2020,11/22/2019,High,24017412.0,1626.0,category18,sub category116,14173.0,Accounting Director/Manager,USD,0,0.0,1,MATERIAL REVENUE POSITION,2020,7,2020007,MO-2281537
CLOSED,Abandoned,10/19/2017,1/1/2020,1/31/2023,Period 07 2020,11/22/2019,High,24017412.0,2895.0,category14,sub category2,14173.0,Accounting Director/Manager,USD,0,0.0,1,MATERIAL REVENUE POSITION,2020,7,2020007,MO-2281537
CLOSED,Abandoned,4/16/2018,3/1/2019,3/31/2019,Period 10 2019,2/13/2019,High,24019242.0,3759.0,category56,sub category95,20825.0,Director/Manager â€“ Other,USD,0,0.0,250000,POSITIONING WITH A KEY CLIENT,2019,10,2019010,MO-2458041
CLOSED,Abandoned,5/11/2018,5/27/2019,7/26/2019,Period 12 2019,4/19/2019,Medium,24011613.0,1791.0,category8,sub category157,10346.0,Operations Director/Manager,USD,0,0.0,192000,POSITIONING WITH A KEY CLIENT,2019,12,2019012,MO-2471807
CLOSED,Won,9/24/2017,8/7/2019,1/1/2020,Period 03 2020,8/7/2019,High,24001422.0,1818.0,category8,sub category135,22963.0,CIO/VP MIS,USD,100,0.0,2026516,RESTRICTED: Top Consulting Opportunity,2020,3,2020003,MO-2466517
CLOSED,Won,9/24/2017,8/7/2019,1/1/2020,Period 03 2020,8/7/2019,High,24001422.0,1821.0,category8,sub category135,22963.0,CIO/VP MIS,USD,100,0.0,3589267,RESTRICTED: Top Consulting Opportunity,2020,3,2020003,MO-2466517
CLOSED,Won,9/24/2017,8/7/2019,1/1/2020,Period 03 2020,8/7/2019,High,24001422.0,660.0,category53,sub category11,22963.0,CIO/VP MIS,USD,100,0.0,221416,RESTRICTED: Top Consulting Opportunity,2020,3,2020003,MO-2466517
CLOSED,Abandoned,5/1/2018,11/5/2018,1/31/2019,Period 07 2019,12/10/2018,High,24014295.0,1818.0,category8,sub category135,15656.0,CIO/VP MIS,USD,0,0.0,2387930,POSITIONING WITH A KEY CLIENT,2019,7,2019007,MO-2466647
CLOSED,Won,6/1/2018,4/22/2019,3/20/2020,Period 12 2019,4/16/2019,Medium,24059409.0,1908.0,category68,sub category120,9356.0,CIO/VP MIS,USD,100,0.0,2637061,RESTRICTED: Top Consulting Opportunity,2019,12,2019012,MO-2345203
CLOSED,Won,6/1/2018,4/22/2019,3/20/2020,Period 12 2019,4/16/2019,Medium,24059409.0,660.0,category53,sub category11,9356.0,CIO/VP MIS,USD,100,0.0,2397308,RESTRICTED: Top Consulting Opportunity,2019,12,2019012,MO-2345203
CLOSED,Won,6/1/2018,4/22/2019,3/20/2020,Period 12 2019,4/16/2019,Medium,24059409.0,1629.0,category18,sub category116,9356.0,CIO/VP MIS,USD,100,0.0,770997,RESTRICTED: Top Consulting Opportunity,2019,12,2019012,MO-2345203
CLOSED,Won,6/1/2018,4/22/2019,3/20/2020,Period 12 2019,4/16/2019,Medium,24059409.0,6102.0,category50,sub category180,9356.0,CIO/VP MIS,USD,100,0.0,204578,RESTRICTED: Top Consulting Opportunity,2019,12,2019012,MO-2345203
CLOSED,Won,6/1/2018,4/22/2019,3/20/2020,Period 12 2019,4/16/2019,Medium,24059409.0,1875.0,category68,sub category91,9356.0,CIO/VP MIS,USD,100,0.0,5987614,RESTRICTED: Top Consulting Opportunity,2019,12,2019012,MO-2345203
CLOSED,Won,6/1/2018,4/22/2019,3/20/2020,Period 12 2019,4/16/2019,Medium,24059409.0,1818.0,category8,sub category135,9356.0,CIO/VP MIS,USD,100,0.0,12376869,RESTRICTED: Top Consulting Opportunity,2019,12,2019012,MO-2345203
CLOSED,Abandoned,10/21/2018,3/15/2019,4/15/2019,Period 10 2019,2/21/2019,Medium,24000300.0,15321.0,category67,sub category56,24150.0,Unknown/Other,USD,0,0.0,225000,POSITIONING WITH A KEY CLIENT,2019,10,2019010,MO-2722111
CLOSED,Won,6/25/2019,7/1/2019,6/30/2020,Period 02 2020,7/8/2019,High,24025281.0,1656.0,category18,sub category22,14368.0,CEO,USD,100,0.0,20000000,CRITICAL QUAL,2020,2,2020002,MO-2874007
CLOSED,Abandoned,7/10/2017,7/8/2019,11/15/2019,Period 13 2019,5/28/2019,High,24001506.0,1785.0,category8,sub category157,16408.0,Unknown/Other,USD,0,0.0,750000,CRITICAL QUAL,2019,13,2019013,MO-368469
CLOSED,Won,1/9/2017,4/15/2019,12/31/2019,Period 12 2019,4/8/2019,High,24003402.0,3477.0,category53,sub category11,16347.0,CIO/VP MIS,USD,100,0.0,98136,POSITIONING WITH A KEY CLIENT,2019,12,2019012,MO-2442039
CLOSED,Won,1/9/2017,4/15/2019,12/31/2019,Period 12 2019,4/8/2019,High,24003402.0,1833.0,category8,sub category135,16347.0,CIO/VP MIS,USD,100,0.0,1639104,POSITIONING WITH A KEY CLIENT,2019,12,2019012,MO-2442039
CLOSED,Won,1/9/2017,4/15/2019,12/31/2019,Period 12 2019,4/8/2019,High,24003402.0,1833.0,category8,sub category135,16347.0,CIO/VP MIS,USD,100,0.0,1389947,POSITIONING WITH A KEY CLIENT,2019,12,2019012,MO-2442039
CLOSED,Abandoned,9/4/2018,1/14/2019,3/8/2019,Period 08 2019,1/11/2019,High,24005187.0,1752.0,category8,sub category79,13171.0,CFO/VP of Finance,USD,0,0.0,500000,POSITIONING WITH A KEY CLIENT,2019,8,2019008,MO-2653519
CLOSED,Won,1/15/2019,1/21/2019,2/8/2019,Period 10 2019,2/13/2019,Medium,24007221.0,2904.0,category53,sub category146,11069.0,Chf. Security Officer/CSO/CISO,USD,100,0.0,75000,POSITIONING WITH A KEY CLIENT,2019,10,2019010,MO-2805133
CLOSED,Won,1/20/2019,2/6/2019,2/15/2019,Period 09 2019,2/5/2019,High,24000516.0,3117.0,category14,sub category2,11437.0,CAO/Director of Accounting,USD,100,0.0,6280,POSITIONING WITH A KEY CLIENT,2019,9,2019009,MO-2808033
CLOSED,Won,1/20/2019,2/6/2019,2/15/2019,Period 09 2019,2/5/2019,High,24000516.0,1776.0,category8,sub category79,11437.0,CAO/Director of Accounting,USD,100,0.0,25120,POSITIONING WITH A KEY CLIENT,2019,9,2019009,MO-2808033
CLOSED,Won,5/12/2017,3/30/2019,3/29/2020,Period 12 2019,4/15/2019,High,24017412.0,1923.0,category68,sub category184,14277.0,Controller,USD,100,0.0,1804353,POSITIONING WITH A KEY CLIENT,2019,12,2019012,MO-366017
CLOSED,Won,3/20/2019,11/4/2019,12/31/2019,Period 05 2020,10/17/2019,Low,24069657.0,1797.0,category8,sub category157,13897.0,COO/Chief Admin,USD,100,0.0,400000,POSITIONING WITH A KEY CLIENT,2020,5,2020005,MO-2837145
CLOSED,Won,4/8/2019,5/15/2019,5/24/2019,Period 13 2019,5/14/2019,High,24000516.0,3117.0,category14,sub category2,11437.0,Technology Director/Manager,USD,100,0.0,10200,CRITICAL QUAL,2019,13,2019013,MO-2842931
CLOSED,Won,4/8/2019,5/15/2019,5/24/2019,Period 13 2019,5/14/2019,High,24000516.0,1776.0,category8,sub category79,11437.0,Technology Director/Manager,USD,100,0.0,40800,CRITICAL QUAL,2019,13,2019013,MO-2842931
CLOSED,Abandoned,4/2/2018,4/22/2019,7/26/2019,Period 09 2019,2/4/2019,Medium,24012378.0,1785.0,category8,sub category157,16408.0,Director/Manager â€“ Other,USD,0,0.0,500000,POSITIONING WITH A KEY CLIENT,2019,9,2019009,MO-33261
CLOSED,Won,12/17/2018,2/15/2019,2/22/2019,Period 10 2019,2/11/2019,High,24001497.0,3756.0,category56,sub category95,6160.0,Director/Manager â€“ Other,USD,100,0.0,75000,POSITIONING WITH A KEY CLIENT,2019,10,2019010,MO-2762261
CLOSED,Won,8/16/2018,9/23/2019,10/25/2019,Period 05 2020,9/23/2019,High,24045987.0,1908.0,category68,sub category120,12416.0,CHRO/VP of HR,USD,100,15000.0,1025013,POSITIONING WITH A KEY CLIENT,2020,5,2020005,MO-374097
CLOSED,Abandoned,3/29/2018,11/4/2019,8/28/2020,Period 11 2019,4/3/2019,High,24003900.0,1842.0,category8,sub category118,5032.0,Technology Director/Manager,USD,0,0.0,7300000,MATERIAL REVENUE POSITION,2019,11,2019011,MO-32555
CLOSED,Abandoned,8/16/2019,1/1/2020,12/31/2020,Period 06 2020,11/8/2019,High,24001497.0,3753.0,category56,sub category117,23139.0,CIO/VP MIS,USD,0,0.0,1200000,MANAGED SERVICES,2020,6,2020006,MO-2923919
CLOSED,Won,12/8/2016,1/1/2019,12/31/2019,Period 08 2019,12/19/2018,High,24025281.0,2001.0,category51,sub category152,14321.0,CFO/VP of Finance,USD,100,0.0,7388381,CRITICAL QUAL,2019,8,2019008,MO-386349
CLOSED,Abandoned,10/2/2017,11/1/2019,12/20/2019,Period 05 2020,10/14/2019,Medium,24483471.0,2004.0,category51,sub category8,17841.0,Director/Manager â€“ Other,USD,0,0.0,175000,POSITIONING WITH A KEY CLIENT,2020,5,2020005,MO-2347493
CLOSED,Lost,4/6/2019,4/29/2019,7/12/2019,Period 13 2019,5/7/2019,High,24007794.0,1995.0,category51,sub category152,19210.0,Unknown/Other,USD,0,0.0,1500000,POSITIONING WITH A KEY CLIENT,2019,13,2019013,MO-2842775
CLOSED,Won,4/8/2019,9/2/2019,3/27/2020,Period 04 2020,8/30/2019,High,24018897.0,1725.0,category21,sub category6,24332.0,Director/Manager â€“ Other,USD,100,0.0,1000000,CRITICAL QUAL,2020,4,2020004,MO-2842875
CLOSED,Won,4/8/2019,9/2/2019,3/27/2020,Period 04 2020,8/30/2019,High,24018897.0,1692.0,category21,sub category48,24332.0,Director/Manager â€“ Other,USD,100,0.0,4000000,CRITICAL QUAL,2020,4,2020004,MO-2842875
CLOSED,Won,4/8/2019,9/2/2019,3/27/2020,Period 04 2020,8/30/2019,High,24018897.0,1686.0,category21,sub category48,24332.0,Director/Manager â€“ Other,USD,100,0.0,1000000,CRITICAL QUAL,2020,4,2020004,MO-2842875
CLOSED,Abandoned,2/19/2018,4/1/2019,6/28/2019,Period 09 2019,1/29/2019,High,24005532.0,1770.0,category8,sub category79,19600.0,Unknown/Other,USD,0,0.0,441750,POSITIONING WITH A KEY CLIENT,2019,9,2019009,MO-270529
CLOSED,Abandoned,2/19/2018,4/1/2019,6/28/2019,Period 09 2019,1/29/2019,High,24005532.0,2007.0,category51,sub category8,19600.0,Unknown/Other,USD,0,0.0,147250,POSITIONING WITH A KEY CLIENT,2019,9,2019009,MO-270529
CLOSED,Lost,4/6/2018,9/6/2019,12/31/2021,Period 03 2020,8/13/2019,High,24001497.0,1911.0,category68,sub category120,18651.0,Operations Director/Manager,USD,0,0.0,500000,CRITICAL QUAL,2020,3,2020003,MO-28507
CLOSED,Won,12/5/2017,12/11/2018,3/29/2019,Period 07 2019,11/28/2018,High,24024126.0,2004.0,category51,sub category8,17841.0,Unknown/Other,USD,100,0.0,388350,CRITICAL QUAL,2019,7,2019007,MO-223131
CLOSED,Abandoned,5/9/2018,10/29/2018,1/31/2019,Period 07 2019,12/4/2018,High,24034377.0,1908.0,category68,sub category120,6476.0,Unknown/Other,USD,0,0.0,1500000,CRITICAL QUAL,2019,7,2019007,MO-2470519
CLOSED,Abandoned,5/9/2018,10/29/2018,1/31/2019,Period 07 2019,12/4/2018,High,24034377.0,1791.0,category8,sub category157,6476.0,Unknown/Other,USD,0,0.0,1500000,CRITICAL QUAL,2019,7,2019007,MO-2470519
CLOSED,Won,6/12/2017,2/1/2019,1/31/2023,Period 07 2019,12/6/2018,Medium,24017412.0,1629.0,category18,sub category116,14173.0,Accounting Director/Manager,USD,100,0.0,1,MATERIAL REVENUE POSITION,2019,7,2019007,MO-369307
CLOSED,Won,6/12/2017,2/1/2019,1/31/2023,Period 07 2019,12/6/2018,Medium,24017412.0,2895.0,category14,sub category2,14173.0,Accounting Director/Manager,USD,100,0.0,1,MATERIAL REVENUE POSITION,2019,7,2019007,MO-369307
CLOSED,Won,10/9/2018,12/10/2018,5/31/2019,Period 07 2019,12/11/2018,High,24043668.0,1296.0,category53,sub category52,7167.0,CIO/VP MIS,USD,100,0.0,2300000,POSITIONING WITH A KEY CLIENT,2019,7,2019007,MO-2706161
CLOSED,Won,2/26/2018,3/11/2019,12/20/2019,Period 10 2019,3/8/2019,High,24031314.0,1686.0,category21,sub category48,21347.0,CIO/VP MIS,USD,100,0.0,700000,CRITICAL QUAL,2019,10,2019010,MO-273035
CLOSED,Won,4/8/2019,5/15/2019,5/31/2019,Period 13 2019,5/14/2019,High,24000516.0,3117.0,category14,sub category2,11437.0,Technology Director/Manager,USD,100,0.0,6800,CRITICAL QUAL,2019,13,2019013,MO-2842921
CLOSED,Won,4/8/2019,5/15/2019,5/31/2019,Period 13 2019,5/14/2019,High,24000516.0,1776.0,category8,sub category79,11437.0,Technology Director/Manager,USD,100,0.0,27200,CRITICAL QUAL,2019,13,2019013,MO-2842921
CLOSED,Won,5/28/2019,6/3/2019,8/2/2019,Period 13 2019,5/30/2019,Medium,24001443.0,1968.0,category38,sub category109,19210.0,Unknown/Other,USD,100,0.0,120000,POSITIONING WITH A KEY CLIENT,2019,13,2019013,MO-2864861
CLOSED,Won,1/30/2018,12/5/2018,6/30/2019,Period 07 2019,12/12/2018,Low,24016518.0,2082.0,category8,sub category157,14324.0,Director/Manager â€“ Other,USD,100,0.0,7500,POSITIONING WITHIN A SECTOR,2019,7,2019007,MO-379457
CLOSED,Won,1/30/2018,12/5/2018,6/30/2019,Period 07 2019,12/12/2018,Low,24016518.0,885.0,category58,sub category15,14324.0,Director/Manager â€“ Other,USD,100,0.0,7500,POSITIONING WITHIN A SECTOR,2019,7,2019007,MO-379457
CLOSED,Abandoned,7/15/2018,1/9/2019,3/31/2019,Period 08 2019,1/2/2019,Medium,24006150.0,3783.0,category56,sub category148,23849.0,Unknown/Other,USD,0,0.0,300000,POSITIONING WITH A KEY CLIENT,2019,8,2019008,MO-2602245
CLOSED,Abandoned,8/10/2018,2/13/2019,3/8/2019,Period 07 2019,11/19/2018,Medium,24005580.0,3783.0,category56,sub category148,12590.0,Chief Risk/Compliance Officer,USD,0,0.0,15000,VENTURES: Mod Com - Convergence,2019,7,2019007,MO-348383
CLOSED,Won,2/26/2018,6/3/2019,3/2/2020,Period 01 2020,6/27/2019,High,24035832.0,2079.0,category51,sub category152,14322.0,Director/Manager â€“ Other,USD,100,0.0,79653,POSITIONING WITH A KEY CLIENT,2020,1,2020001,MO-272057
CLOSED,Won,2/26/2018,6/3/2019,3/2/2020,Period 01 2020,6/27/2019,High,24035832.0,1923.0,category68,sub category184,14322.0,Director/Manager â€“ Other,USD,100,0.0,82066,POSITIONING WITH A KEY CLIENT,2020,1,2020001,MO-272057
CLOSED,Won,2/26/2018,6/3/2019,3/2/2020,Period 01 2020,6/27/2019,High,24035832.0,1629.0,category18,sub category116,14322.0,Director/Manager â€“ Other,USD,100,0.0,79653,POSITIONING WITH A KEY CLIENT,2020,1,2020001,MO-272057
CLOSED,Won,10/31/2018,12/10/2018,3/29/2019,Period 09 2019,1/31/2019,High,24003483.0,2007.0,category51,sub category8,15744.0,CTO/CITO,USD,100,0.0,1400000,POSITIONING WITHIN A SECTOR,2019,9,2019009,MO-2724497
CLOSED,Won,11/3/2018,5/31/2019,12/20/2019,Period 13 2019,5/25/2019,Medium,24029799.0,1794.0,category8,sub category157,6548.0,General Counsel/Legal,USD,100,0.0,1450000,POSITIONING WITHIN A SECTOR,2019,13,2019013,MO-2726613
CLOSED,Lost,8/8/2017,7/8/2019,3/13/2020,Period 01 2020,6/6/2019,High,24023328.0,2481.0,category8,sub category118,9354.0,CAO/Director of Accounting,USD,0,0.0,1765045,POSITIONING WITHIN A SECTOR,2020,1,2020001,MO-2279197
CLOSED,Abandoned,5/16/2018,1/7/2019,4/30/2019,Period 08 2019,1/8/2019,High,24007407.0,1992.0,category38,sub category109,6344.0,COO/Chief Admin,USD,0,0.0,500000,POSITIONING WITH A KEY CLIENT,2019,8,2019008,MO-2474713
CLOSED,Won,5/2/2019,11/4/2019,12/31/2023,Period 06 2020,11/1/2019,High,24012879.0,1953.0,category68,sub category90,25957.0,CHRO/VP of HR,USD,100,0.0,4196900,MANAGED SERVICES,2020,6,2020006,MO-2852329
CLOSED,Won,1/16/2019,2/18/2019,3/29/2019,Period 10 2019,2/14/2019,Medium,24001443.0,1995.0,category51,sub category152,19210.0,General Counsel/Legal,USD,100,0.0,250000,CRITICAL QUAL,2019,10,2019010,MO-2805621
CLOSED,Won,7/19/2019,7/29/2019,9/27/2019,Period 02 2020,7/19/2019,High,24011613.0,1791.0,category8,sub category157,11558.0,Director/Manager â€“ Other,USD,100,0.0,180000,POSITIONING WITH A KEY CLIENT,2020,2,2020002,MO-2882549
CLOSED,Won,2/6/2018,2/1/2019,7/31/2019,Period 08 2019,1/11/2019,High,24047643.0,1785.0,category8,sub category157,12053.0,CFO/VP of Finance,USD,100,0.0,500000,SIGNIFICANT VALUE IMPACT (>$100m),2019,8,2019008,MO-266999
CLOSED,Won,2/6/2018,2/1/2019,7/31/2019,Period 08 2019,1/11/2019,High,24047643.0,1752.0,category8,sub category79,12053.0,CFO/VP of Finance,USD,100,0.0,500000,SIGNIFICANT VALUE IMPACT (>$100m),2019,8,2019008,MO-266999
CLOSED,Won,2/6/2018,2/1/2019,7/31/2019,Period 08 2019,1/11/2019,High,24047643.0,1908.0,category68,sub category120,12053.0,CFO/VP of Finance,USD,100,0.0,1500000,SIGNIFICANT VALUE IMPACT (>$100m),2019,8,2019008,MO-266999
CLOSED,Won,2/6/2018,2/1/2019,7/31/2019,Period 08 2019,1/11/2019,High,24047643.0,1830.0,category8,sub category135,12053.0,CFO/VP of Finance,USD,100,0.0,2500000,SIGNIFICANT VALUE IMPACT (>$100m),2019,8,2019008,MO-266999
CLOSED,Won,10/2/2019,10/14/2019,12/27/2019,Period 05 2020,10/7/2019,Medium,24001443.0,2895.0,category14,sub category2,5577.0,Finance Director/Mgr,USD,100,0.0,150000,POSITIONING WITH A KEY CLIENT,2020,5,2020005,MO-2961477
CLOSED,Abandoned,10/8/2018,6/3/2019,7/3/2020,Period 08 2019,1/4/2019,Medium,24003225.0,1833.0,category8,sub category135,8702.0,CIO/VP MIS,USD,0,0.0,905375,MANAGED SERVICES,2019,8,2019008,MO-2705133
CLOSED,Won,10/9/2018,2/25/2019,3/31/2020,Period 10 2019,2/18/2019,Medium,24007794.0,1131.0,category61,sub category126,5459.0,CAO/Director of Accounting,USD,100,0.0,80000,POSITIONING WITH A KEY CLIENT,2019,10,2019010,MO-2705935
CLOSED,Won,2/23/2018,10/26/2018,12/30/2021,Period 07 2019,12/5/2018,Medium,24025281.0,1659.0,category18,sub category22,20974.0,Director/Manager â€“ Other,USD,100,0.0,623000,MANAGED SERVICES,2019,7,2019007,MO-29027
CLOSED,Won,4/19/2018,11/18/2018,3/29/2019,Period 07 2019,12/10/2018,High,24020574.0,1725.0,category21,sub category6,17809.0,Technology Director/Manager,USD,100,0.0,399377,POSITIONING WITH A KEY CLIENT,2019,7,2019007,MO-2459603
CLOSED,Won,7/26/2016,4/1/2019,4/30/2020,Period 11 2019,4/3/2019,High,24048879.0,15180.0,category57,sub category62,17029.0,General Counsel/Legal,USD,100,0.0,1750000,POSITIONING WITHIN A SECTOR,2019,11,2019011,MO-2433143
CLOSED,Won,10/5/2019,10/10/2019,10/25/2019,Period 05 2020,10/9/2019,High,24011613.0,1779.0,category8,sub category157,10346.0,Director/Manager â€“ Other,USD,100,0.0,20000,POSITIONING WITH A KEY CLIENT,2020,5,2020005,MO-2964363
CLOSED,Abandoned,4/3/2017,5/1/2019,6/3/2019,Period 12 2019,4/15/2019,High,24000459.0,672.0,category53,sub category94,13162.0,Technology Director/Manager,USD,0,0.0,30000,POSITIONING WITHIN A SECTOR,2019,12,2019012,MO-318927
CLOSED,Won,6/1/2018,6/1/2019,5/31/2020,Period 01 2020,6/6/2019,Medium,24013977.0,1122.0,category14,sub category2,5874.0,COO/Chief Admin,USD,100,0.0,1488712,POSITIONING WITH A KEY CLIENT,2020,1,2020001,MO-3929
CLOSED,Won,9/15/2017,12/7/2018,4/30/2019,Period 07 2019,12/6/2018,High,24001320.0,1818.0,category8,sub category135,9941.0,CFO/VP of Finance,USD,100,0.0,3745150,POSITIONING WITH A KEY CLIENT,2019,7,2019007,MO-371893
CLOSED,Abandoned,4/5/2018,2/15/2019,10/29/2021,Period 10 2019,2/19/2019,High,24001014.0,3681.0,category53,sub category146,23171.0,Chf. Security Officer/CSO/CISO,USD,0,0.0,4400000,MANAGED SERVICES,2019,10,2019010,MO-34117
CLOSED,Lost,12/16/2018,1/14/2019,2/22/2019,Period 10 2019,3/6/2019,High,24002271.0,5229.0,category46,sub category30,9719.0,Director/Manager â€“ Other,USD,0,0.0,650000,CRITICAL QUAL,2019,10,2019010,MO-2762247
CLOSED,Lost,1/4/2019,1/21/2019,7/31/2019,Period 10 2019,2/26/2019,High,24020061.0,1962.0,category68,sub category90,5953.0,Director/Manager â€“ Other,USD,0,0.0,109750,POSITIONING WITH A KEY CLIENT,2019,10,2019010,MO-2776223
CLOSED,Lost,1/4/2019,1/21/2019,7/31/2019,Period 10 2019,2/26/2019,High,24020061.0,1935.0,category68,sub category184,5953.0,Director/Manager â€“ Other,USD,0,0.0,1173500,POSITIONING WITH A KEY CLIENT,2019,10,2019010,MO-2776223
CLOSED,Abandoned,12/4/2017,2/4/2019,12/31/2019,Period 08 2019,1/2/2019,Medium,24002226.0,2904.0,category53,sub category146,20961.0,Unknown/Other,USD,0,0.0,138000,VENTURES: Mod Com - Convergence,2019,8,2019008,MO-2220287
CLOSED,Lost,4/29/2019,6/17/2019,8/16/2019,Period 01 2020,6/10/2019,Medium,24014433.0,1776.0,category8,sub category79,11437.0,Unknown/Other,USD,0,0.0,335000,POSITIONING WITH A KEY CLIENT,2020,1,2020001,MO-2851039
CLOSED,Won,9/18/2019,2/3/2020,12/30/2020,Period 07 2020,12/10/2019,High,24034749.0,1791.0,category8,sub category157,6593.0,Director/Manager â€“ Other,USD,100,0.0,114000,POSITIONING WITH A KEY CLIENT,2020,7,2020007,MO-2957221
CLOSED,Won,9/18/2019,2/3/2020,12/30/2020,Period 07 2020,12/10/2019,High,24034749.0,1776.0,category8,sub category79,6593.0,Director/Manager â€“ Other,USD,100,0.0,6000,POSITIONING WITH A KEY CLIENT,2020,7,2020007,MO-2957221
CLOSED,Won,9/18/2019,2/3/2020,12/30/2020,Period 07 2020,12/10/2019,High,24034749.0,1629.0,category18,sub category116,6593.0,Director/Manager â€“ Other,USD,100,0.0,0,POSITIONING WITH A KEY CLIENT,2020,7,2020007,MO-2957221
CLOSED,Won,6/6/2019,6/17/2019,7/31/2019,Period 01 2020,6/23/2019,High,24019635.0,2001.0,category51,sub category152,19295.0,CEO,USD,100,0.0,100000,POSITIONING WITHIN A SECTOR,2020,1,2020001,MO-2868681
CLOSED,Won,6/6/2019,6/17/2019,7/31/2019,Period 01 2020,6/23/2019,High,24019635.0,1686.0,category21,sub category48,19295.0,CEO,USD,100,0.0,300000,POSITIONING WITHIN A SECTOR,2020,1,2020001,MO-2868681
CLOSED,Won,6/6/2019,6/17/2019,7/31/2019,Period 01 2020,6/23/2019,High,24019635.0,1968.0,category38,sub category109,19295.0,CEO,USD,100,0.0,350000,POSITIONING WITHIN A SECTOR,2020,1,2020001,MO-2868681
CLOSED,Won,6/6/2019,6/17/2019,7/31/2019,Period 01 2020,6/23/2019,High,24019635.0,1995.0,category51,sub category152,19295.0,CEO,USD,100,0.0,250000,POSITIONING WITHIN A SECTOR,2020,1,2020001,MO-2868681
CLOSED,Abandoned,2/5/2018,2/18/2019,6/28/2019,Period 10 2019,2/26/2019,Medium,24038178.0,2004.0,category51,sub category8,6480.0,Technology Director/Manager,USD,0,0.0,500000,CRITICAL QUAL,2019,10,2019010,MO-224451
CLOSED,Abandoned,10/1/2019,1/1/2020,7/31/2020,Period 06 2020,11/12/2019,Medium,24002967.0,1824.0,category8,sub category135,14096.0,CFO/VP of Finance,USD,0,0.0,3500000,POSITIONING WITH A KEY CLIENT,2020,6,2020006,MO-2987869
CLOSED,Abandoned,2/6/2018,6/14/2019,6/12/2020,Period 12 2019,4/10/2019,High,24007086.0,2001.0,category51,sub category152,17681.0,Chief Strategy Officer,USD,0,0.0,73000,POSITIONING WITH A KEY CLIENT,2019,12,2019012,MO-267059
CLOSED,Abandoned,1/22/2018,4/1/2019,12/20/2019,Period 09 2019,2/8/2019,Medium,24009891.0,1908.0,category68,sub category120,11437.0,Director/Manager â€“ Other,USD,0,0.0,850000,CRITICAL QUAL,2019,9,2019009,MO-267389
CLOSED,Abandoned,1/22/2018,4/1/2019,12/20/2019,Period 09 2019,2/8/2019,Medium,24009891.0,1776.0,category8,sub category79,11437.0,Director/Manager â€“ Other,USD,0,0.0,850000,CRITICAL QUAL,2019,9,2019009,MO-267389
CLOSED,Won,1/17/2019,2/8/2019,2/22/2019,Period 09 2019,2/7/2019,High,24043782.0,1776.0,category8,sub category79,11437.0,CAO/Director of Accounting,USD,100,0.0,26136,POSITIONING WITH A KEY CLIENT,2019,9,2019009,MO-2808025
CLOSED,Abandoned,1/14/2019,6/17/2019,3/31/2020,Period 01 2020,6/24/2019,Medium,24043782.0,1776.0,category8,sub category79,11437.0,CAO/Director of Accounting,USD,0,0.0,970200,POSITIONING WITH A KEY CLIENT,2020,1,2020001,MO-2810769
CLOSED,Abandoned,3/15/2018,1/15/2019,12/20/2019,Period 09 2019,1/18/2019,Medium,24011016.0,1824.0,category8,sub category135,5689.0,Unknown/Other,USD,0,0.0,1500000,VENTURES: S&Q | FoF -Product Safety and Quality,2019,9,2019009,MO-29463
CLOSED,Lost,3/4/2019,9/2/2019,11/1/2019,Period 03 2020,8/5/2019,Medium,24000654.0,2004.0,category51,sub category8,10027.0,Director/Manager â€“ Other,USD,0,0.0,65500,POSITIONING WITH A KEY CLIENT,2020,3,2020003,MO-2478839
CLOSED,Abandoned,4/26/2019,9/16/2019,10/11/2019,Period 03 2020,8/14/2019,High,24012879.0,1818.0,category8,sub category135,5454.0,Unknown/Other,USD,0,0.0,300000,SIGNIFICANT VALUE IMPACT (>$100m),2020,3,2020003,MO-2850215
CLOSED,Abandoned,4/26/2019,9/16/2019,10/11/2019,Period 03 2020,8/14/2019,High,24012879.0,1791.0,category8,sub category157,5454.0,Unknown/Other,USD,0,0.0,200000,SIGNIFICANT VALUE IMPACT (>$100m),2020,3,2020003,MO-2850215
CLOSED,Won,6/11/2018,6/3/2019,12/31/2019,Period 01 2020,6/14/2019,High,24031107.0,2070.0,category21,sub category88,14324.0,Director/Manager â€“ Other,USD,100,0.0,6555000,POSITIONING WITHIN A SECTOR,2020,1,2020001,MO-2500465
CLOSED,Won,6/11/2018,6/3/2019,12/31/2019,Period 01 2020,6/14/2019,High,24031107.0,1638.0,category18,sub category159,14324.0,Director/Manager â€“ Other,USD,100,738000.0,345000,POSITIONING WITHIN A SECTOR,2020,1,2020001,MO-2500465
CLOSED,Won,6/15/2019,9/23/2019,12/31/2019,Period 04 2020,9/18/2019,High,24022137.0,1830.0,category8,sub category135,6682.0,CEO,USD,100,0.0,441105,CRITICAL QUAL,2020,4,2020004,MO-384903
CLOSED,Won,10/31/2017,4/22/2019,9/6/2019,Period 12 2019,4/25/2019,High,24003402.0,1824.0,category8,sub category135,9357.0,CIO/VP MIS,USD,100,0.0,654000,MATERIAL REVENUE POSITION,2019,12,2019012,MO-2262833
CLOSED,Won,5/14/2018,1/9/2019,5/31/2021,Period 08 2019,1/7/2019,High,24001350.0,2013.0,category51,sub category8,10171.0,CIO/VP MIS,USD,100,0.0,3000000,POSITIONING WITH A KEY CLIENT,2019,8,2019008,MO-2480833
CLOSED,Won,5/14/2018,1/9/2019,5/31/2021,Period 08 2019,1/7/2019,High,24001350.0,2013.0,category51,sub category8,10171.0,CIO/VP MIS,USD,100,0.0,4000000,POSITIONING WITH A KEY CLIENT,2019,8,2019008,MO-2480833
CLOSED,Won,5/14/2018,1/9/2019,5/31/2021,Period 08 2019,1/7/2019,High,24001350.0,1629.0,category18,sub category116,10171.0,CIO/VP MIS,USD,100,0.0,3000000,POSITIONING WITH A KEY CLIENT,2019,8,2019008,MO-2480833
CLOSED,Abandoned,4/26/2019,2/3/2020,6/30/2020,Period 07 2020,12/5/2019,High,24012879.0,1923.0,category68,sub category184,13115.0,CHRO/VP of HR,USD,0,0.0,1400000,POSITIONING WITH A KEY CLIENT,2020,7,2020007,MO-2850303
CLOSED,Won,10/1/2018,2/25/2019,3/30/2019,Period 10 2019,2/22/2019,Medium,24011967.0,1776.0,category8,sub category79,11437.0,CHRO/VP of HR,USD,100,0.0,410000,POSITIONING WITH A KEY CLIENT,2019,10,2019010,MO-2709675
CLOSED,Won,1/9/2019,10/1/2019,5/29/2020,Period 05 2020,9/23/2019,High,24011613.0,1779.0,category8,sub category157,11558.0,Director/Manager â€“ Other,USD,100,0.0,300000,POSITIONING WITH A KEY CLIENT,2020,5,2020005,MO-2802451
CLOSED,Won,1/9/2019,10/1/2019,5/29/2020,Period 05 2020,9/23/2019,High,24011613.0,1791.0,category8,sub category157,11558.0,Director/Manager â€“ Other,USD,100,0.0,800000,POSITIONING WITH A KEY CLIENT,2020,5,2020005,MO-2802451
CLOSED,Won,7/29/2019,8/5/2019,1/31/2020,Period 03 2020,8/9/2019,High,24005712.0,2904.0,category53,sub category146,5585.0,Risk/Compliance Director/Mgr,USD,100,0.0,120000,POSITIONING WITH A KEY CLIENT,2020,3,2020003,MO-2916251
CLOSED,Abandoned,9/26/2017,8/5/2019,9/20/2019,Period 03 2020,8/23/2019,High,24008367.0,2001.0,category51,sub category152,20420.0,Operations Director/Manager,USD,0,0.0,230000,CRITICAL QUAL,2020,3,2020003,MO-2344545
CLOSED,Won,6/22/2016,6/16/2019,6/15/2020,Period 01 2020,6/20/2019,High,24018057.0,1998.0,category51,sub category152,5197.0,Director/Manager â€“ Other,USD,100,0.0,255579,REPLACE KEY COMPETITOR OR DEFEND POSITION,2020,1,2020001,MO-2406919
CLOSED,Won,6/22/2016,6/16/2019,6/15/2020,Period 01 2020,6/20/2019,High,24018057.0,15288.0,category57,sub category14,5197.0,Director/Manager â€“ Other,USD,100,0.0,477263,REPLACE KEY COMPETITOR OR DEFEND POSITION,2020,1,2020001,MO-2406919
CLOSED,Won,6/22/2016,6/16/2019,6/15/2020,Period 01 2020,6/20/2019,High,24018057.0,1896.0,category68,sub category120,5197.0,Director/Manager â€“ Other,USD,100,0.0,638947,REPLACE KEY COMPETITOR OR DEFEND POSITION,2020,1,2020001,MO-2406919
CLOSED,Won,6/22/2016,6/16/2019,6/15/2020,Period 01 2020,6/20/2019,High,24018057.0,1752.0,category8,sub category79,5197.0,Director/Manager â€“ Other,USD,100,0.0,2172421,REPLACE KEY COMPETITOR OR DEFEND POSITION,2020,1,2020001,MO-2406919
CLOSED,Won,6/22/2016,6/16/2019,6/15/2020,Period 01 2020,6/20/2019,High,24018057.0,1998.0,category51,sub category152,5197.0,Director/Manager â€“ Other,USD,100,0.0,2619684,REPLACE KEY COMPETITOR OR DEFEND POSITION,2020,1,2020001,MO-2406919
CLOSED,Won,6/22/2016,6/16/2019,6/15/2020,Period 01 2020,6/20/2019,High,24018057.0,3756.0,category56,sub category95,5197.0,Director/Manager â€“ Other,USD,100,0.0,255579,REPLACE KEY COMPETITOR OR DEFEND POSITION,2020,1,2020001,MO-2406919
CLOSED,Abandoned,9/6/2017,8/1/2019,2/28/2020,Period 13 2019,5/17/2019,Medium,24000459.0,2904.0,category53,sub category146,9499.0,Chf. Security Officer/CSO/CISO,USD,0,0.0,25000,VENTURES: Future of Cyber -Cyber IoT,2019,13,2019013,MO-346363
CLOSED,Abandoned,9/6/2017,8/1/2019,2/28/2020,Period 13 2019,5/17/2019,Medium,24000459.0,3210.0,category53,sub category51,9499.0,Chf. Security Officer/CSO/CISO,USD,0,0.0,75000,VENTURES: Future of Cyber -Cyber IoT,2019,13,2019013,MO-346363
CLOSED,Abandoned,10/6/2015,1/13/2020,5/8/2020,Period 07 2020,12/10/2019,Medium,24008301.0,1686.0,category21,sub category48,13055.0,CFO/VP of Finance,USD,0,0.0,1000000,POSITIONING WITH A KEY CLIENT,2020,7,2020007,MO-2373633
CLOSED,Abandoned,4/10/2018,3/1/2019,3/31/2019,Period 10 2019,3/6/2019,High,24015942.0,1917.0,category68,sub category120,9719.0,Unknown/Other,USD,0,0.0,150000,MANAGED SERVICES,2019,10,2019010,MO-2459845
CLOSED,Abandoned,4/10/2018,3/1/2019,3/31/2019,Period 10 2019,3/6/2019,High,24015942.0,2013.0,category51,sub category8,9719.0,Unknown/Other,USD,0,0.0,600000,MANAGED SERVICES,2019,10,2019010,MO-2459845
CLOSED,Abandoned,4/10/2018,3/1/2019,3/31/2019,Period 10 2019,3/6/2019,High,24015942.0,2010.0,category51,sub category8,9719.0,Unknown/Other,USD,0,0.0,600000,MANAGED SERVICES,2019,10,2019010,MO-2459845
CLOSED,Won,3/28/2018,4/9/2019,5/31/2019,Period 12 2019,4/8/2019,High,24032286.0,1998.0,category51,sub category152,9378.0,CIO/VP MIS,USD,100,0.0,600000,SIGNIFICANT VALUE IMPACT (>$100m),2019,12,2019012,MO-32395
CLOSED,Won,3/28/2018,4/9/2019,5/31/2019,Period 12 2019,4/8/2019,High,24032286.0,1728.0,category21,sub category60,9378.0,CIO/VP MIS,USD,100,0.0,3200000,SIGNIFICANT VALUE IMPACT (>$100m),2019,12,2019012,MO-32395
CLOSED,Won,3/28/2018,4/9/2019,5/31/2019,Period 12 2019,4/8/2019,High,24032286.0,1653.0,category18,sub category22,9378.0,CIO/VP MIS,USD,100,0.0,1600000,SIGNIFICANT VALUE IMPACT (>$100m),2019,12,2019012,MO-32395
CLOSED,Won,3/28/2018,4/9/2019,5/31/2019,Period 12 2019,4/8/2019,High,24032286.0,1875.0,category68,sub category91,9378.0,CIO/VP MIS,USD,100,0.0,2000000,SIGNIFICANT VALUE IMPACT (>$100m),2019,12,2019012,MO-32395
CLOSED,Won,3/28/2018,4/9/2019,5/31/2019,Period 12 2019,4/8/2019,High,24032286.0,1818.0,category8,sub category135,9378.0,CIO/VP MIS,USD,100,0.0,12600000,SIGNIFICANT VALUE IMPACT (>$100m),2019,12,2019012,MO-32395
CLOSED,Won,11/8/2018,7/15/2019,9/24/2019,Period 02 2020,7/10/2019,High,24011613.0,1791.0,category8,sub category157,10346.0,Director/Manager â€“ Other,USD,100,0.0,100000,POSITIONING WITH A KEY CLIENT,2020,2,2020002,MO-2729719
CLOSED,Won,11/8/2018,7/15/2019,9/24/2019,Period 02 2020,7/10/2019,High,24011613.0,1779.0,category8,sub category157,10346.0,Director/Manager â€“ Other,USD,100,0.0,215000,POSITIONING WITH A KEY CLIENT,2020,2,2020002,MO-2729719
CLOSED,Abandoned,12/1/2017,4/1/2019,3/31/2020,Period 09 2019,2/4/2019,Medium,24018042.0,1779.0,category8,sub category157,6406.0,Operations Director/Manager,USD,0,0.0,500000,POSITIONING WITH A KEY CLIENT,2019,9,2019009,MO-373695
CLOSED,Abandoned,7/23/2018,10/2/2019,12/31/2019,Period 05 2020,10/14/2019,High,24483471.0,2004.0,category51,sub category8,17841.0,Unknown/Other,USD,0,0.0,100000,CRITICAL QUAL,2020,5,2020005,MO-2347505
CLOSED,Won,7/26/2018,3/1/2019,2/28/2022,Period 08 2019,12/19/2018,Medium,24048111.0,1149.0,category7,sub category68,6254.0,Unknown/Other,USD,100,0.0,900000,VENTURES: Brand & Reputation - Predictive Risk Intelligence,2019,8,2019008,MO-2607795
CLOSED,Won,11/13/2018,1/14/2019,12/31/2019,Period 08 2019,1/11/2019,Medium,24060000.0,3300.0,category37,sub category105,20814.0,Chief Marketing Officer,USD,100,0.0,570000,VENTURES: DSS-LRA,2019,8,2019008,MO-2735251
CLOSED,Won,5/6/2019,7/12/2019,8/30/2019,Period 02 2020,7/8/2019,High,24001206.0,1791.0,category8,sub category157,23387.0,Operations Director/Manager,USD,100,0.0,4500000,CRITICAL QUAL,2020,2,2020002,MO-2853071
CLOSED,Won,12/7/2018,9/30/2019,10/1/2021,Period 05 2020,10/3/2019,High,24039156.0,1659.0,category18,sub category22,25357.0,Technology Director/Manager,USD,100,0.0,318955,MANAGED SERVICES,2020,5,2020005,MO-271699
CLOSED,Won,12/7/2018,9/30/2019,10/1/2021,Period 05 2020,10/3/2019,High,24039156.0,1662.0,category18,sub category22,25357.0,Technology Director/Manager,USD,100,0.0,425273,MANAGED SERVICES,2020,5,2020005,MO-271699
CLOSED,Won,12/7/2018,9/30/2019,10/1/2021,Period 05 2020,10/3/2019,High,24039156.0,1890.0,category68,sub category91,25357.0,Technology Director/Manager,USD,100,0.0,2126368,MANAGED SERVICES,2020,5,2020005,MO-271699
CLOSED,Won,12/7/2018,9/30/2019,10/1/2021,Period 05 2020,10/3/2019,High,24039156.0,2214.0,category18,sub category22,25357.0,Technology Director/Manager,USD,100,0.0,318955,MANAGED SERVICES,2020,5,2020005,MO-271699
CLOSED,Won,12/7/2018,9/30/2019,10/1/2021,Period 05 2020,10/3/2019,High,24039156.0,1656.0,category18,sub category22,25357.0,Technology Director/Manager,USD,100,0.0,531592,MANAGED SERVICES,2020,5,2020005,MO-271699
CLOSED,Won,12/7/2018,9/30/2019,10/1/2021,Period 05 2020,10/3/2019,High,24039156.0,1653.0,category18,sub category22,25357.0,Technology Director/Manager,USD,100,0.0,531592,MANAGED SERVICES,2020,5,2020005,MO-271699
CLOSED,Won,3/4/2019,4/8/2019,4/30/2019,Period 11 2019,3/18/2019,Medium,24475821.0,1632.0,category18,sub category116,10833.0,CFO/VP of Finance,USD,100,160000.0,225000,POSITIONING WITHIN A SECTOR,2019,11,2019011,MO-2828157
CLOSED,Won,9/10/2018,1/7/2019,12/31/2020,Period 08 2019,1/11/2019,High,24040884.0,1629.0,category18,sub category116,6317.0,CFO/VP of Finance,USD,100,0.0,4800000,POSITIONING WITHIN A SECTOR,2019,8,2019008,MO-271599
CLOSED,Won,9/10/2018,1/7/2019,12/31/2020,Period 08 2019,1/11/2019,High,24040884.0,1686.0,category21,sub category48,6317.0,CFO/VP of Finance,USD,100,0.0,300000,POSITIONING WITHIN A SECTOR,2019,8,2019008,MO-271599
CLOSED,Won,9/10/2018,1/7/2019,12/31/2020,Period 08 2019,1/11/2019,High,24040884.0,1632.0,category18,sub category116,6317.0,CFO/VP of Finance,USD,100,460000.0,460000,POSITIONING WITHIN A SECTOR,2019,8,2019008,MO-271599
CLOSED,Won,12/12/2017,6/1/2019,12/31/2019,Period 12 2019,5/3/2019,High,24006765.0,2172.0,category21,sub category48,17596.0,Chief Marketing Officer,USD,100,0.0,5100000,CRITICAL QUAL,2019,12,2019012,MO-270543
CLOSED,Abandoned,9/7/2017,4/7/2019,12/31/2022,Period 10 2019,2/12/2019,High,24039279.0,1821.0,category8,sub category135,20394.0,CFO/VP of Finance,USD,0,0.0,2500000,MATERIAL REVENUE POSITION,2019,10,2019010,MO-2272229
CLOSED,Abandoned,5/30/2017,4/1/2019,5/3/2019,Period 09 2019,1/29/2019,High,24005532.0,2007.0,category51,sub category8,19600.0,Chief Strategy Officer,USD,0,0.0,6250,POSITIONING WITH A KEY CLIENT,2019,9,2019009,MO-267201
CLOSED,Abandoned,5/30/2017,4/1/2019,5/3/2019,Period 09 2019,1/29/2019,High,24005532.0,1770.0,category8,sub category79,19600.0,Chief Strategy Officer,USD,0,0.0,18750,POSITIONING WITH A KEY CLIENT,2019,9,2019009,MO-267201
CLOSED,Won,4/8/2019,5/15/2019,5/31/2019,Period 13 2019,5/14/2019,High,24000516.0,1776.0,category8,sub category79,11437.0,Technology Director/Manager,USD,100,0.0,176800,CRITICAL QUAL,2019,13,2019013,MO-2842911
CLOSED,Won,4/8/2019,5/15/2019,5/31/2019,Period 13 2019,5/14/2019,High,24000516.0,3117.0,category14,sub category2,11437.0,Technology Director/Manager,USD,100,0.0,44200,CRITICAL QUAL,2019,13,2019013,MO-2842911
CLOSED,Won,9/20/2017,8/24/2019,11/15/2020,Period 03 2020,8/23/2019,Medium,24018042.0,606.0,category14,sub category41,5750.0,Controller,USD,100,0.0,87126,VENTURES: Digital Risk - Dgtl Finance - Dgtl Cntrlshp - C&P,2020,3,2020003,MO-347669
CLOSED,Won,9/20/2017,8/24/2019,11/15/2020,Period 03 2020,8/23/2019,Medium,24018042.0,3756.0,category56,sub category95,5750.0,Controller,USD,100,0.0,87126,VENTURES: Digital Risk - Dgtl Finance - Dgtl Cntrlshp - C&P,2020,3,2020003,MO-347669
CLOSED,Won,9/27/2016,3/28/2019,3/27/2020,Period 11 2019,4/4/2019,Medium,24017412.0,2904.0,category53,sub category146,6917.0,Unknown/Other,USD,100,0.0,2770079,POSITIONING WITH A KEY CLIENT,2019,11,2019011,MO-2323283
CLOSED,Won,2/5/2019,3/12/2019,4/12/2019,Period 11 2019,3/11/2019,High,24035769.0,1779.0,category8,sub category157,10346.0,Operations Director/Manager,USD,100,0.0,165000,POSITIONING WITH A KEY CLIENT,2019,11,2019011,MO-2814845
CLOSED,Won,3/28/2019,4/15/2019,6/21/2019,Period 01 2020,6/27/2019,High,24003483.0,1998.0,category51,sub category152,15744.0,CIO/VP MIS,USD,100,0.0,575000,CRITICAL QUAL,2020,1,2020001,MO-2839619
CLOSED,Abandoned,3/22/2018,1/1/2019,2/1/2019,Period 08 2019,1/7/2019,High,24020133.0,1821.0,category8,sub category135,15373.0,CFO/VP of Finance,USD,0,0.0,500000,POSITIONING WITH A KEY CLIENT,2019,8,2019008,MO-30887
CLOSED,Abandoned,9/26/2017,2/1/2019,9/30/2019,Period 10 2019,3/6/2019,Medium,24018042.0,2004.0,category51,sub category8,16719.0,Director/Manager â€“ Other,USD,0,0.0,500000,POSITIONING WITH A KEY CLIENT,2019,10,2019010,MO-2344623
CLOSED,Won,7/6/2016,7/1/2019,6/30/2020,Period 10 2019,3/8/2019,High,24026067.0,2064.0,category21,sub category88,10172.0,Director/Manager â€“ Other,USD,100,0.0,5500000,POSITIONING WITHIN A SECTOR,2019,10,2019010,MO-375371
CLOSED,Won,2/6/2019,4/1/2019,5/31/2019,Period 11 2019,3/21/2019,High,24008355.0,15906.0,category66,sub category129,5431.0,Controller,USD,100,0.0,1000000,CRITICAL QUAL,2019,11,2019011,MO-2815303
CLOSED,Won,8/22/2019,11/21/2019,3/31/2020,Period 07 2020,11/18/2019,High,24026493.0,453.0,category22,sub category93,9754.0,CAE/Internal Audit Director,USD,100,0.0,257000,POSITIONING WITH A KEY CLIENT,2020,7,2020007,MO-2926629
CLOSED,Won,11/15/2018,1/30/2019,7/30/2019,Period 09 2019,1/15/2019,Medium,24028941.0,4146.0,category53,sub category146,14375.0,Operations Director/Manager,USD,100,0.0,4000000,VENTURES: Federal Expansion -Colorado Springs + Denver,2019,9,2019009,MO-343187
CLOSED,Abandoned,9/20/2017,9/14/2019,9/13/2020,Period 07 2019,11/26/2018,Medium,24017412.0,2895.0,category14,sub category2,6917.0,Accounting Director/Manager,USD,0,0.0,398330,POSITIONING WITH A KEY CLIENT,2019,7,2019007,MO-347591
CLOSED,Won,4/14/2016,4/12/2019,4/11/2020,Period 12 2019,4/16/2019,High,24048879.0,2010.0,category51,sub category8,14324.0,Unknown/Other,USD,100,0.0,971434,POSITIONING WITH A KEY CLIENT,2019,12,2019012,MO-2402303
CLOSED,Lost,4/20/2018,12/13/2018,10/1/2023,Period 07 2019,11/28/2018,Low,24035370.0,3978.0,category53,sub category52,14317.0,Unknown/Other,USD,0,0.0,4000000,POSITIONING WITH A KEY CLIENT,2019,7,2019007,MO-2460297
CLOSED,Lost,4/20/2018,12/13/2018,10/1/2023,Period 07 2019,11/28/2018,Low,24035370.0,2052.0,category18,sub category159,14317.0,Unknown/Other,USD,0,0.0,2000000,POSITIONING WITH A KEY CLIENT,2019,7,2019007,MO-2460297
CLOSED,Abandoned,5/24/2018,1/28/2019,3/1/2019,Period 09 2019,1/24/2019,High,24036762.0,1629.0,category18,sub category116,6444.0,Technology Director/Manager,USD,0,0.0,200000,POSITIONING WITH A KEY CLIENT,2019,9,2019009,MO-2478887
CLOSED,Lost,2/20/2018,1/7/2019,1/7/2022,Period 07 2019,12/13/2018,High,24004641.0,3681.0,category53,sub category146,11995.0,Chf. Security Officer/CSO/CISO,USD,0,0.0,2075000,POSITIONING WITH A KEY CLIENT,2019,7,2019007,MO-270959
CLOSED,Abandoned,9/13/2018,7/8/2019,8/30/2019,Period 13 2019,5/20/2019,Medium,24012039.0,1776.0,category8,sub category79,11437.0,Unknown/Other,USD,0,0.0,114000,POSITIONING WITH A KEY CLIENT,2019,13,2019013,MO-2659613
CLOSED,Abandoned,12/11/2017,9/9/2019,3/26/2021,Period 02 2020,7/8/2019,High,24019635.0,2004.0,category51,sub category8,13914.0,Accounting Director/Manager,USD,0,0.0,3500000,POSITIONING WITHIN A SECTOR,2020,2,2020002,MO-372997
CLOSED,Abandoned,12/11/2017,9/9/2019,3/26/2021,Period 02 2020,7/8/2019,High,24019635.0,1764.0,category8,sub category79,13914.0,Accounting Director/Manager,USD,0,0.0,3500000,POSITIONING WITHIN A SECTOR,2020,2,2020002,MO-372997
CLOSED,Abandoned,2/26/2018,9/9/2019,2/28/2020,Period 03 2020,8/22/2019,High,24031314.0,1722.0,category21,sub category6,6589.0,Chief Marketing Officer,USD,0,0.0,3500000,CRITICAL QUAL,2020,3,2020003,MO-273015
CLOSED,Won,11/29/2018,3/2/2019,12/31/2019,Period 10 2019,2/20/2019,Medium,24007893.0,3300.0,category37,sub category105,23849.0,Chief Risk/Compliance Officer,USD,100,0.0,225000,VENTURES: DSS-LRA,2019,10,2019010,MO-2747783
CLOSED,Won,11/29/2018,3/2/2019,12/31/2019,Period 10 2019,2/20/2019,Medium,24007893.0,3783.0,category56,sub category148,23849.0,Chief Risk/Compliance Officer,USD,100,0.0,75000,VENTURES: DSS-LRA,2019,10,2019010,MO-2747783
CLOSED,Won,11/19/2018,12/3/2018,12/14/2018,Period 08 2019,12/18/2018,Medium,24045930.0,1923.0,category68,sub category184,9763.0,HR Director/Manager,USD,100,0.0,10000,POSITIONING WITH A KEY CLIENT,2019,8,2019008,MO-2740857
CLOSED,Lost,5/15/2019,8/5/2019,2/25/2020,Period 01 2020,6/10/2019,High,24000144.0,3783.0,category56,sub category148,15731.0,Unknown/Other,USD,0,0.0,250000,CRITICAL QUAL,2020,1,2020001,MO-2856607
CLOSED,Won,4/4/2017,6/29/2019,4/30/2020,Period 10 2019,2/19/2019,High,24012234.0,1833.0,category8,sub category135,9736.0,CIO/VP MIS,USD,100,0.0,1992144,REPLACE KEY COMPETITOR OR DEFEND POSITION,2019,10,2019010,MO-362461
CLOSED,Abandoned,3/17/2018,1/7/2019,3/29/2019,Period 08 2019,1/8/2019,Low,24000438.0,1629.0,category18,sub category116,16968.0,Unknown/Other,USD,0,0.0,75000,POSITIONING WITH A KEY CLIENT,2019,8,2019008,MO-29831
CLOSED,Won,8/17/2018,3/21/2019,9/27/2019,Period 11 2019,3/12/2019,High,24011613.0,1791.0,category8,sub category157,10346.0,Director/Manager â€“ Other,USD,100,0.0,2200000,CRITICAL QUAL,2019,11,2019011,MO-2466581
CLOSED,Abandoned,8/15/2016,9/15/2019,3/31/2020,Period 02 2020,7/25/2019,High,24008358.0,1785.0,category8,sub category157,12873.0,CFO/VP of Finance,USD,0,0.0,603001,VENTURES: Digital Risk -Revenue Multiplier,2020,2,2020002,MO-2407745
CLOSED,Abandoned,8/15/2016,9/15/2019,3/31/2020,Period 02 2020,7/25/2019,High,24008358.0,3738.0,category14,sub category41,12873.0,CFO/VP of Finance,USD,0,0.0,297000,VENTURES: Digital Risk -Revenue Multiplier,2020,2,2020002,MO-2407745
CLOSED,Won,7/9/2018,1/7/2019,9/30/2021,Period 08 2019,1/2/2019,High,24002670.0,15192.0,category57,sub category84,14318.0,CFO/VP of Finance,USD,100,0.0,2500000,VENTURES: S&Q | FoF - Program Integrity,2019,8,2019008,MO-2592155
CLOSED,Won,6/26/2019,7/11/2019,8/30/2019,Period 02 2020,7/8/2019,High,24008709.0,1860.0,category8,sub category64,21045.0,CIO/VP MIS,USD,100,0.0,375000,POSITIONING WITH A KEY CLIENT,2020,2,2020002,MO-2874751
CLOSED,Abandoned,11/28/2017,12/1/2019,11/30/2024,Period 07 2020,12/5/2019,High,24027375.0,2001.0,category51,sub category152,13570.0,Technology Director/Manager,USD,0,0.0,2,POSITIONING WITH A KEY CLIENT,2020,7,2020007,MO-221657
CLOSED,Won,8/12/2016,7/1/2019,6/30/2020,Period 10 2019,2/27/2019,Medium,24016518.0,885.0,category58,sub category15,14324.0,Director/Manager â€“ Other,USD,100,0.0,10000,POSITIONING WITHIN A SECTOR,2019,10,2019010,MO-2317923
CLOSED,Won,8/12/2016,7/1/2019,6/30/2020,Period 10 2019,2/27/2019,Medium,24016518.0,2082.0,category8,sub category157,14324.0,Director/Manager â€“ Other,USD,100,0.0,10000,POSITIONING WITHIN A SECTOR,2019,10,2019010,MO-2317923
CLOSED,Lost,3/6/2019,8/5/2019,9/13/2019,Period 02 2020,7/17/2019,High,24003600.0,1629.0,category18,sub category116,26227.0,Operations Director/Manager,USD,0,0.0,210000,POSITIONING WITH A KEY CLIENT,2020,2,2020002,MO-2829923
CLOSED,Won,4/29/2019,4/30/2019,6/30/2019,Period 13 2019,5/14/2019,Medium,24032466.0,645.0,category66,sub category172,5505.0,Chief Strategy Officer,USD,100,0.0,100000,POSITIONING WITH A KEY CLIENT,2019,13,2019013,MO-2850917
CLOSED,Abandoned,5/1/2018,3/1/2020,3/3/2025,Period 11 2019,3/25/2019,Restricted: GPS Sector Priority,24028941.0,1794.0,category8,sub category157,25706.0,Unknown/Other,USD,0,0.0,4600000,VENTURES: Federal Expansion -San Antonio + Austin,2019,11,2019011,MO-2469443
CLOSED,Won,11/8/2018,2/18/2019,3/15/2019,Period 10 2019,2/11/2019,Low,24069657.0,1797.0,category8,sub category157,13897.0,COO/Chief Admin,USD,100,0.0,200000,POSITIONING WITH A KEY CLIENT,2019,10,2019010,MO-2730511
CLOSED,Won,4/15/2019,9/9/2019,10/4/2019,Period 04 2020,9/5/2019,High,24006027.0,1650.0,category18,sub category159,15103.0,Technology Director/Manager,USD,100,0.0,135000,REPLACE KEY COMPETITOR OR DEFEND POSITION,2020,4,2020004,MO-2845295
CLOSED,Won,10/14/2019,11/15/2019,11/30/2019,Period 06 2020,11/8/2019,Medium,24001497.0,3753.0,category56,sub category117,23139.0,Director/Manager â€“ Other,USD,100,0.0,15000,POSITIONING WITH A KEY CLIENT,2020,6,2020006,MO-2971377
CLOSED,Lost,3/1/2017,6/3/2019,12/31/2020,Period 01 2020,6/3/2019,High,24040875.0,1869.0,category68,sub category91,13053.0,CHRO/VP of HR,USD,0,0.0,16000000,POSITIONING WITH A KEY CLIENT,2020,1,2020001,MO-366459
CLOSED,Lost,3/1/2017,6/3/2019,12/31/2020,Period 01 2020,6/3/2019,High,24040875.0,1911.0,category68,sub category120,13053.0,CHRO/VP of HR,USD,0,0.0,2885000,POSITIONING WITH A KEY CLIENT,2020,1,2020001,MO-366459
CLOSED,Won,4/5/2019,4/10/2019,4/29/2019,Period 12 2019,4/9/2019,High,24035769.0,1779.0,category8,sub category157,10346.0,Chief Strategy Officer,USD,100,0.0,70000,POSITIONING WITH A KEY CLIENT,2019,12,2019012,MO-2842549
CLOSED,Abandoned,11/8/2019,1/13/2020,2/28/2020,Period 07 2020,12/13/2019,High,24001497.0,3753.0,category56,sub category117,23139.0,Director/Manager â€“ Other,USD,0,0.0,225000,CRITICAL QUAL,2020,7,2020007,MO-2995433
CLOSED,Abandoned,2/27/2019,4/16/2019,5/31/2019,Period 12 2019,4/25/2019,High,24000654.0,2010.0,category51,sub category8,19078.0,Director/Manager â€“ Other,USD,0,0.0,181000,REPLACE KEY COMPETITOR OR DEFEND POSITION,2019,12,2019012,MO-2826373
CLOSED,Won,5/24/2019,7/31/2019,1/29/2020,Period 02 2020,7/18/2019,Medium,24028941.0,4146.0,category53,sub category146,9784.0,Operations Director/Manager,USD,100,0.0,4460000,VENTURES: Federal Expansion -Colorado Springs + Denver,2020,2,2020002,MO-343189
CLOSED,Abandoned,3/28/2018,2/1/2019,1/31/2028,Period 08 2019,1/9/2019,High,24025281.0,1830.0,category8,sub category135,14321.0,Unknown/Other,USD,0,0.0,35000000,POSITIONING WITH A KEY CLIENT,2019,8,2019008,MO-32397
CLOSED,Abandoned,3/28/2018,2/1/2019,1/31/2028,Period 08 2019,1/9/2019,High,24025281.0,13023.0,category55,sub category54,14321.0,Unknown/Other,USD,0,0.0,964900,POSITIONING WITH A KEY CLIENT,2019,8,2019008,MO-32397
CLOSED,Abandoned,3/28/2018,2/1/2019,1/31/2028,Period 08 2019,1/9/2019,High,24025281.0,13023.0,category55,sub category54,14321.0,Unknown/Other,USD,0,0.0,5142390,POSITIONING WITH A KEY CLIENT,2019,8,2019008,MO-32397
CLOSED,Abandoned,2/14/2017,6/10/2019,12/30/2019,Period 13 2019,5/16/2019,High,24006150.0,1713.0,category21,sub category6,20781.0,Chief Marketing Officer,USD,0,0.0,300000,MANAGED SERVICES,2019,13,2019013,MO-2446825
CLOSED,Abandoned,5/2/2018,7/8/2019,12/6/2019,Period 02 2020,7/8/2019,Medium,24012594.0,2004.0,category51,sub category8,13914.0,Technology Director/Manager,USD,0,0.0,800000,POSITIONING WITHIN A SECTOR,2020,2,2020002,MO-2467339
CLOSED,Abandoned,3/17/2018,1/20/2019,3/30/2019,Period 10 2019,2/20/2019,High,24007590.0,1785.0,category8,sub category157,18998.0,Unknown/Other,USD,0,0.0,397350,CRITICAL QUAL,2019,10,2019010,MO-2481387
CLOSED,Abandoned,1/8/2018,1/7/2019,1/10/2020,Period 07 2019,12/3/2018,High,24002406.0,2004.0,category51,sub category8,13914.0,Finance Director/Mgr,USD,0,0.0,6000000,POSITIONING WITHIN A SECTOR,2019,7,2019007,MO-373595
CLOSED,Abandoned,1/8/2018,1/7/2019,1/10/2020,Period 07 2019,12/3/2018,High,24002406.0,2013.0,category51,sub category8,13914.0,Finance Director/Mgr,USD,0,0.0,3000000,POSITIONING WITHIN A SECTOR,2019,7,2019007,MO-373595
